company,annual_report,400_owners_index,sustainable_development_present,responsible_investment_esg_present,green_growth_present,net_zero_present,decarbonization_present,transition_finance_present,conservation_finance_present,lang_report,country,assets,validation,cosine_similarity_best,matched_company_in_memberships,membership_1,type_1,membership_2,type_2,membership_3,type_3,membership_4,type_4,membership_5,type_5,membership_6,type_6,membership_7,type_7,membership_8,type_8
Norges Bank Investment Management,Norges-Bank-Annual-Report-2023,1,True,True,False,True,True,False,False,English,Norway,1238.0,0,0.814626728421444,Norges Bank Investment Management (NBIM),,,,,,,,,,,,,,,,
ABP/APG,ABP-Annual-Report-2023,2,False,True,False,True,False,False,False,Dutch,Netherlands,584.0,0,0.7222129131335542,APG,,,,,,,,,,,,,,,,
PGGM/PFZW,PGGM-Annual-Report-2023,3,True,True,False,True,True,False,False,English,Netherlands,257.0,1,0.7191968718663821,PFZW,,,,,,,,,,,,,,,,
Turkey Wealth Fund,TWF-Annual-Report-2022,4,True,True,True,False,True,True,False,English,Turkey,171.0,1,0.624000030037463,Turkey Growth Fund IV L.P.,,,,,,,,,,,,,,,,
Caisse des Dépôts,Caisse-Annual-Report-2023,5,True,True,True,True,True,True,False,English,France,166.0,0,1.0000000000000002,Caisse des Dépôts,Natural Capital Declaration (NCFI),Biodiversity,CA100+,Climate change,Asset Owner Alliance,Asset Owner Alliance,Finance for Biodiversity Pledge,Biodiversity,TNFD Forum,Climate Change,Montreal Carbon Pledge,,Institutional Investor Group on Climate Change,Climate,,
MN,MN-Annual-Report-2023,6,True,True,True,True,True,False,False,Dutch,Netherlands,152.0,0,1.0000000000000002,MN,Natural Capital Declaration (NCFI),Biodiversity,UNPRI,General,CA100+,Climate change,PBAF,Biodiversity,PCAF,Climate Change,Global Impact Investment Network,,Montreal Carbon Pledge,,Institutional Investor Group on Climate Change,Climate
Kommunal Landspensjonskasse (KLP),KLP-Annual-Report-2023,7,True,True,True,True,True,False,False,English,Norway,135.0,0,0.6976006645746582,KLP (Kommunal landspensjonskasse gjensidig forsikringsselskap),,,,,,,,,,,,,,,,
Bayerische Versorgungskammer (BVK),BVK-Annual-Report-2023,8,True,True,True,True,True,False,False,English,Germany,120.0,0,0.9455088770757178,Bayerische Versorgungskammer,UNPRI,General,Asset Owner Alliance,Asset Owner Alliance,,,,,,,,,,,,
Covéa,Covea-Annual-Report-2022,9,True,True,True,False,True,True,False,English,France,118.0,0,1.0,Covéa,UNPRI,General,,,,,,,,,,,,,,
Alecta,Alecta-annual-and-sustainability-report-2023,10,False,True,False,False,False,False,False,English,Sweden,113.0,0,1.0000000000000002,Alecta,CA100+,Climate change,Asset Owner Alliance,Asset Owner Alliance,,,,,,,,,,,,
Swedish Fund Selection Agency,FTN-Procurement-Report-2024,11,False,True,False,False,False,False,False,English,Sweden,108.0,0,0.6806919842534328,Swedish Pensions Agency,,,,,,,,,,,,,,,,
Shell Asset Management Company,,12,,,,,,,,,Netherlands,104.0,0,0.9613264618961747,Shell Asset Management Company B.V.,UNPRI,General,,,,,,,,,,,,,,
ATP,ATP-Annual-Report-2023,13,True,True,True,False,True,True,True,English,Denmark,102.0,0,1.0,ATP,UNPRI,General,CA100+,Climate change,Institutional Investor Group on Climate Change,Climate,,,,,,,,,,
Universities Superannuation Scheme,USS-Report-and-Accounts-2023,14,True,True,False,True,False,False,False,English,UK,95.0,1,0.9999999999999999,Universities Superannuation Scheme,Institutional Investor Group on Climate Change,Climate,,,,,,,,,,,,,,
AP Fonden 7,ap7-annual-and-sustainability-report-2023,15,True,True,False,True,True,True,False,English,Sweden,88.0,0,0.6671093374927402,Andra AP-Fonden,,,,,,,,,,,,,,,,
European Investment Bank,,16,,,,,,,,,Luxembourg,87.0,0,0.9999999999999998,European Investment Bank,TNFD Forum,Climate Change,Mainstreaming Climate in Financial Institutions,,,,,,,,,,,,,
PFA Pension,,17,,,,,,,,,Denmark,87.0,0,1.0,PFA Pension,UNPRI,General,Institutional Investor Group on Climate Change,Climate,,,,,,,,,,,,
PMT,243399-pmt-jv2023-v234-pdfa,18,True,True,False,False,False,False,False,Dutch,Netherlands,85.0,0,1.0,PMT,PBAF,Biodiversity,,,,,,,,,,,,,,
AGIRC ARRCO,AGIRC-ARRCO-Rapport-Gestion-2023-pages-simples,19,False,True,False,False,False,True,False,French,France,76.0,0,0.8093833856763968,Fédération Agirc-Arrco,,,,,,,,,,,,,,,,
Border to Coast Pensions Partnership,Border-to-Coast-Annual-Report-22_23,20,True,True,False,True,True,True,True,English,UK,76.0,0,1.0000000000000002,Border to Coast Pensions Partnership,CA100+,Climate change,Institutional Investor Group on Climate Change,Climate,UNPRI,General,Net Zero Asset Managers Initiative,Climate Change,,,,,,,,
Nordea Life & Pension,annual-report-nordea-bank-abp-2023,21,False,True,False,False,False,False,False,English,Finland,75.0,0,0.9999999999999999,Nordea Life & Pension,CA100+,Climate change,Asset Owner Alliance,Asset Owner Alliance,TNFD Forum,Climate Change,,,,,,,,,,
Ilmarinen,annual_and_sustainability_report_2023,22,True,True,False,True,True,False,False,English,Finland,74.0,1,0.7108514498207746,Ilmarinen Mutual Pension Insurance Company,,,,,,,,,,,,,,,,
AMF Pension,amf_annual_report_and_sustainability_report_2023,23,True,True,False,True,True,True,False,English,Sweden,71.0,0,1.0,AMF Pension,Asset Owner Alliance,Asset Owner Alliance,,,,,,,,,,,,,,
bpfBouw,bpfBouw-Annual-Report-2023,24,True,True,False,False,True,False,False,Dutch,Netherlands,70.0,0,0.22657961566677456,Bpf Bouw Stichting Bedrijfstakpensioenfonds voor de Bouwnijverheid,,,,,,,,,,,,,,,,
KEVA,Keva-Annual-Report-2023,25,False,True,False,False,False,False,False,English,Finland,69.0,0,1.0,Keva,UNPRI,General,CA100+,Climate change,Institutional Investor Group on Climate Change,Climate,,,,,,,,,,
PensionDanmark,PensionDanmark-Annual-Report-2023,26,True,True,False,True,True,False,False,English,Denmark,69.0,0,1.0,PensionDanmark,UNPRI,General,Asset Owner Alliance,Asset Owner Alliance,Finance for Biodiversity Pledge,Biodiversity,Paris Aligned Asset Owners,Climate Change,Institutional Investor Group on Climate Change,Climate,,,,,,
Swiss Federal Pension Fund PUBLICA,Publica-Annual-Report-2023,27,True,True,False,False,False,False,False,English,Switzerland,68.0,0,1.0000000000000004,Swiss Federal Pension Fund PUBLICA,CA100+,Climate change,Institutional Investor Group on Climate Change,Climate,,,,,,,,,,,,
AP Fonden 3,AP-Fonden-3-Annual-Report-2023,28,False,True,False,False,True,False,True,English,Sweden,67.0,0,0.6671093374927402,Andra AP-Fonden,,,,,,,,,,,,,,,,
Danica Pension,Danica-Pension-Annual-Report-2023,29,True,True,False,False,True,True,False,English,Denmark,67.0,0,1.0000000000000002,Danica Pension,UNPRI,General,Asset Owner Alliance,Asset Owner Alliance,,,,,,,,,,,,
Länsförsäkringar,Lansforsakringar-Alliance-Annual-Report-2023,30,True,True,False,False,True,True,False,English,Sweden,66.0,0,1.0,Länsförsäkringar,CA100+,Climate change,FAIRR,General,UNPRI,General,Montreal Carbon Pledge,,,,,,,,,
Railpen Investments ,Railpen-Annual-Report-2023,31,True,True,False,True,True,True,False,English,UK,65.0,0,0.849890628529594,Railpen,,,,,,,,,,,,,,,,
AP Fonden 1,AP-Fonden-1-Annual-Report-2023,32,True,True,False,False,True,False,False,English,Sweden,64.0,0,0.6784503912011113,Andra AP-Fonden,,,,,,,,,,,,,,,,
Fonds de compensation AVS,Compenswiss-Annual-Report-2023,33,False,True,False,False,True,True,False,French,Switzerland,64.0,0,0.5854473691770602,Accident Compensation Corporation,,,,,,,,,,,,,,,,
Electricity Supply Pension Scheme,Electricty-Supply-Pension-Annual-Report-2023,34,False,True,False,False,False,False,False,English,UK,63.0,0,0.4402211688445546,BT Pension Scheme,,,,,,,,,,,,,,,,
ERAFP,ERAPF-Annual-Report-2022,35,True,True,False,False,True,False,False,English,France,63.0,1,1.0,ERAFP,CA100+,Climate change,Asset Owner Alliance,Asset Owner Alliance,Finance for Biodiversity Pledge,Biodiversity,Institutional Investor Group on Climate Change,Climate,,,,,,,,
Suva,Suva-Annual-Report-2023,36,True,True,True,True,True,True,False,English,Switzerland,63.0,0,1.0,Suva,UNPRI,General,,,,,,,,,,,,,,
Varma,Varma-Annual-Report-2023,37,False,False,False,True,False,True,False,English,Finland,63.0,0,0.563810270202125,Mutual Pension Insurance Company Varma,,,,,,,,,,,,,,,,
Versorgungsanstalt des Bundes und der Länder (VBL),VBL-Annual-Report-2022,38,True,True,False,False,False,False,False,German,Germany,63.0,0,0.3053831009198747,Versorgungswerk der Landestierärztekammer Thüringen,,,,,,,,,,,,,,,,
Sampension,Sampension-2023,39,True,True,False,True,True,True,False,English,Denmark,60.0,0,1.0,Sampension,CA100+,Climate change,Institutional Investor Group on Climate Change,Climate,,,,,,,,,,,,
PKA Pension Fund,PKA-2023,40,False,True,False,False,False,False,False,English,Denmark,59.0,0,0.6995125610620949,PKA,,,,,,,,,,,,,,,,
AP Fonden 2,AP-Fonden-2-2023,41,False,True,True,True,True,False,True,English,Sweden,58.0,1,0.6609466193572026,Andra AP-Fonden,,,,,,,,,,,,,,,,
PME,PME-2023-NL,42,True,True,False,False,True,False,False,Dutch,Netherlands,55.0,0,1.0000000000000002,PME,UNPRI,General,CA100+,Climate change,PBAF,Biodiversity,,,,,,,,,,
Pension Insurance Corporation,Pension-Insurance-Corporation-2023,43,True,True,False,True,False,True,False,English,UK,53.0,0,1.0000000000000002,Pension Insurance Corporation,UNPRI,General,,,,,,,,,,,,,,
Northern LGPS,Northern-LGPS-2023,44,True,True,False,True,True,False,False,English,UK,51.0,0,0.6458268302189797,Northern Trust,,,,,,,,,,,,,,,,
Folksam,Folksam-2023,45,True,True,True,False,True,True,True,English,Sweden,51.0,0,1.0000000000000004,Folksam,UNPRI,General,CA100+,Climate change,FAIRR,General,TNFD Forum,Climate Change,Montreal Carbon Pledge,,,,,,,
Wellcome Trust,Wellcome-Trust-2023,46,True,True,True,True,True,False,False,English,UK,48.0,0,0.9587659555323094,The Wellcome Trust,Institutional Investor Group on Climate Change,Climate,,,,,,,,,,,,,,
AP Fonden 4,AP-Fonden-4,47,True,True,True,True,True,False,True,English,Sweden,47.0,0,0.6645883277980974,Andra AP-Fonden,,,,,,,,,,,,,,,,
BT Pension Scheme,BTPS-2023,48,True,True,False,True,False,False,False,English,UK,47.0,0,1.0,BT Pension Scheme,UNPRI,General,Paris Aligned Asset Owners,Climate Change,Institutional Investor Group on Climate Change,Climate,,,,,,,,,,
Natwest Group Pension Scheme,NetWest-2023,49,False,True,False,False,True,True,True,English,UK,46.0,0,0.8062013974522554,NatWest Group Pension Fund,,,,,,,,,,,,,,,,
Brunel Pension Partnership,Brunel-2023,50,True,True,True,True,True,False,True,English,UK,44.0,0,1.0000000000000007,Brunel Pension Partnership,CA100+,Climate change,FAIRR,General,Paris Aligned Asset Owners,Climate Change,Institutional Investor Group on Climate Change,Climate,,,,,,,,
BP Pension UK,,51,,,,,,,,,UK,43.0,0,0.7727366881686384,BP Pension Fund,,,,,,,,,,,,,,,,
Royal Bank of Scotland Group,RBS-Annual-Report-2023,52,True,True,False,True,True,True,False,English,UK,43.0,0,0.5169500382228274,"Government of Scotland, UK",,,,,,,,,,,,,,,,
BVK Personalvorsorge des Kantons Zürich,BVK-Zürich-Annual-Report-2023,53,False,False,False,False,False,False,False,German,Switzerland,42.0,1,0.48172154825430774,Spida Personalvorsorgestiftung,,,,,,,,,,,,,,,,
The Pension Protection Fund,PPF-Annual-Report-2023,54,True,True,False,True,True,False,False,English,UK,41.0,0,0.9596416557643574,Pension Protection Fund,UNPRI,General,CA100+,Climate change,Institutional Investor Group on Climate Change,Climate,,,,,,,,,,
HSBC Bank Pension Trust UK,HSBC-Annual-Report-2023,55,True,True,False,True,True,True,False,English,UK,41.0,0,1.0,HSBC Bank Pension Trust (UK),UNPRI,General,Paris Aligned Asset Owners,Climate Change,,,,,,,,,,,,
Pensioenfonds Detailhandel,Pensioenfonds-Detailhandel-Annual-Report-2023,56,True,True,True,False,True,False,False,Dutch,Netherlands,37.0,1,1.0000000000000002,Pensioenfonds Detailhandel,UNPRI,General,Asset Owner Alliance,Asset Owner Alliance,,,,,,,,,,,,
BVV Pension Fund,BVV-Annual-Report-2023,57,False,True,False,False,False,False,False,German,Germany,37.0,0,0.5784227591803663,BP Pension Fund,,,,,,,,,,,,,,,,
National Employment Savings Trust (NEST),NEST-Annual-Report-2023,58,True,True,False,False,True,False,False,English,UK,37.0,1,1.0000000000000004,National Employment Savings Trust (NEST),UNPRI,General,,,,,,,,,,,,,,
Folketrygdfondet - Government Pension Fund Norway Domestic,,59,,,,,,,,,Norway,37.0,0,0.6183788593619178,Norwegian Government Pension Fund Norway (Norwegian Ministry of Finance and Folketrygdfondet),,,,,,,,,,,,,,,,
Greater Manchester Pension Fund,GMPF-Annual-Report-2023,60,True,True,False,True,True,True,False,English,UK,36.0,0,1.0,Greater Manchester Pension Fund,UNPRI,General,CA100+,Climate change,Institutional Investor Group on Climate Change,Climate,,,,,,,,,,
Velliv,Velliv-Annual-Report-2023,61,True,True,True,False,True,True,False,English,Denmark,36.0,0,1.0000000000000002,Velliv,UNPRI,General,CA100+,Climate change,Institutional Investor Group on Climate Change,Climate,,,,,,,,,,
Strathclyde Pension Funds,Strathclyde-Annual-Report-2023,62,True,True,False,True,True,True,False,English,UK,35.0,0,0.9505360712571965,Strathclyde Pension Fund,UNPRI,General,CA100+,Climate change,FAIRR,General,Paris Aligned Asset Owners,Climate Change,Institutional Investor Group on Climate Change,Climate,,,,,,
Industriens Pension Fund,Industriens-Annual-Report-2023,63,False,True,False,False,True,False,False,English,Denmark,35.0,0,0.9553772720209984,Industriens Pension,UNPRI,General,CA100+,Climate change,Asset Owner Alliance,Asset Owner Alliance,Institutional Investor Group on Climate Change,Climate,,,,,,,,
Barclays Bank UK Retirement Fund,Barclays-Pension-Annual-Report-2023,64,False,True,False,True,True,True,True,English,UK,34.0,0,0.9999999999999994,Barclays Bank UK Retirement Fund,UNPRI,General,Paris Aligned Asset Owners,Climate Change,Institutional Investor Group on Climate Change,Climate,,,,,,,,,,
UBS Pension Fund,UBP-Annual-Report-2023,65,True,True,False,False,True,True,False,English,Switzerland,34.0,0,0.6736232318675012,UBS,,,,,,,,,,,,,,,,
London CIV - Collective Investment Vehicle,LCIV-Annual-Report-2023,66,True,True,True,True,True,False,True,English,UK,34.0,0,0.5011456489944098,London CIV,,,,,,,,,,,,,,,,
Local Government Pension Scheme (LGPS Central),LGPS-Annual-Report-2023,67,False,True,False,False,True,False,False,English,UK,33.0,0,0.6120512233484512,LGPS Central,,,,,,,,,,,,,,,,
Retraites Populaires,Retraites-Annual-Report-2023,68,True,True,False,False,True,True,False,French,Switzerland,33.0,0,0.8576770350774782,Retraites Populaires Switzerland,,,,,,,,,,,,,,,,
PGB Pension Fund/Pensioenfonds PGB,PGB-Annual-Report-2023,69,True,True,False,False,False,False,False,Dutch,Netherlands,33.0,0,0.9120912120033979,Pensioenfonds PGB,CA100+,Climate change,,,,,,,,,,,,,,
Migros-Pensionskasse,Migros-Pensionskasse-Annual-Report-2023,70,False,False,False,False,False,False,False,German,Switzerland,32.0,1,0.5699952713830375,APK Pensionskasse AG,,,,,,,,,,,,,,,,
Elo Mutual Pension Insurance Company,,71,,,,,,,,,Finland,31.0,0,1.0,Elo Mutual Pension Insurance Company,UNPRI,General,CA100+,Climate change,Paris Aligned Asset Owners,Climate Change,Montreal Carbon Pledge,,Institutional Investor Group on Climate Change,Climate,,,,,,
Pensioenfonds Vervoer,Pensioenfonds-Vervoer-Annual-Report-2023,72,False,True,False,False,True,True,False,Dutch,Netherlands,31.0,0,1.0000000000000002,Pensioenfonds Vervoer,UNPRI,General,,,,,,,,,,,,,,
Local Pensions Partnership Investments (LPPI),LPPI-Annual-Report-2023,73,True,True,True,True,False,False,False,English,UK,31.0,0,0.8626255557447938,Local Pensions Partnership Investments,,,,,,,,,,,,,,,,
BAE Systems Pension Fund,,74,,,,,,,,,UK,29.0,0,0.8015389418288698,BAE Systems Pension Scheme,,,,,,,,,,,,,,,,
Siemens,Siemens-Annual-Report-2023,75,False,False,False,False,False,False,False,English,Germany,29.0,1,0.8052596755828914,Siemens Fonds Invest GmbH,,,,,,,,,,,,,,,,
ING Pensioenfonds,ING-Annual-Report-2023,76,False,True,False,False,False,False,False,Dutch,Netherlands,29.0,0,0.7781945900847672,Stichting Pensioenfonds ING,,,,,,,,,,,,,,,,
ABN AMRO Pensioenfonds,ABN-Annual-Report-2023,77,True,True,False,False,True,False,False,Dutch,Netherlands,28.0,1,0.763021482597179,Stichting Pensioenfonds van de ABN AMRO Bank N.V.,,,,,,,,,,,,,,,,
Asga Pensionskasse,ASGA-Annual-Report-2023,78,False,True,False,False,True,False,False,German,Switzerland,28.0,0,0.6265302297350354,APK Pensionskasse AG,,,,,,,,,,,,,,,,
Schweizer Mobiliar Asset Management AG,,79,,,,,,,,,Switzerland,28.0,0,0.637601765498988,Swiss Mobiliar Asset Management Ltd.,,,,,,,,,,,,,,,,
British Airways Pension Investment Management Ltd (BAPIML),British-Airways-Annual-Report-2023,80,True,False,False,False,False,False,False,English,UK,27.0,0,0.43681966463710803,British Columbia Investment Management Corporation,,,,,,,,,,,,,,,,
Bundes Pensionskasse,Bundes-Pensionskasse-Annual-Report-2023,81,False,True,False,False,True,False,False,German,Austria,27.0,0,0.81075770851456,Pensionskasse des Bundes PUBLICA,,,,,,,,,,,,,,,,
Kenfo (German Nuclear Waste Management Fund),KENFO-Annual-Report-2024,82,False,True,False,False,True,False,False,German,Germany,27.0,0,0.4366307582002122,KENFO,,,,,,,,,,,,,,,,
Rabobank Pensioenfonds,Rabobank-Annual-Report-2023,83,False,True,False,False,False,False,False,Dutch,Netherlands,26.0,0,1.0000000000000002,Rabobank Pensioenfonds,UNPRI,General,CA100+,Climate change,,,,,,,,,,,,
West Midlands Metropolitan,WMM-Annual-Report-2023,84,True,True,True,True,True,True,True,English,UK,26.0,0,0.577059864919846,West Midlands Pension Fund,,,,,,,,,,,,,,,,
AP Pension,AP-Annual-Report-2023,85,True,True,False,True,True,True,False,Danish,Denmark,25.0,0,1.0000000000000002,AP Pension,UNPRI,General,CA100+,Climate change,Paris Aligned Asset Owners,Climate Change,Institutional Investor Group on Climate Change,Climate,,,,,,,,
FEFSS,FEFFS-Annual-Report-2023,86,False,False,False,False,False,False,False,Portuguese,Portugal,25.0,1,0.0612175237857432,USS,,,,,,,,,,,,,,,,
KPA Pension (KPA Pensionsförsäkring),KPA-Annual-Report-2023,87,True,True,False,True,True,False,False,Swedish,Sweden,25.0,0,0.4700563822127852,"Alecta pensionsförsäkring, ömsesidigt",,,,,,,,,,,,,,,,
Pension Fund Rail & Public Transport,Pension-Fund-Rail-Public-Transport-Annual-Report-2023,88,True,True,True,True,True,False,False,Dutch,Netherlands,25.0,0,0.6473410339997105,Transport for London Pension Fund,,,,,,,,,,,,,,,,
State Pension Fund of Finland (VER),,89,,,,,,,,,Finland,24.0,0,0.6551912412862443,The Church Pension Fund (Finland),,,,,,,,,,,,,,,,
Fonds de Compensation de la Sécurité Sociale,Fonds-De-Compensation-Annual-Report-2023,90,False,True,False,False,False,False,False,English,Luxembourg,24.0,0,0.45168072563463196,Accident Compensation Corporation,,,,,,,,,,,,,,,,
Local Pensions Partnership,LPP-Annual-Report-2023,91,True,True,False,True,True,False,False,English,UK,24.0,0,1.0,Local Pensions Partnership,UNPRI,General,CA100+,Climate change,,,,,,,,,,,,
Fonds de réserve pour les retraites (FRR),FRR-Annual-Report-2023,92,True,True,False,True,True,True,False,English,France,24.0,0,1.0000000000000007,Fonds de réserve pour les retraites - FRR,UNPRI,General,Institutional Investor Group on Climate Change,Climate,Montreal Carbon Pledge,,,,,,,,,,,
Caisse de prévoyance de l'Etat de Genève (CPEG),CPEG-Annual-Report-2023,93,False,True,False,False,True,False,False,French,Switzerland,24.0,0,1.0000000000000002,Caisse de prévoyance de l'Etat de Genève (CPEG),UNPRI,General,,,,,,,,,,,,,,
Akademiker Pension,Akademiker-Pension-Annual-Report-2023,94,False,True,True,False,False,False,False,Danish,Denmark,23.0,0,1.0,Akademiker Pension,CA100+,Climate change,FAIRR,General,,,,,,,,,,,,
Pensionskasse of the city of Zurich (PKZH),PKZH-Annual-Report-2023,95,True,True,False,False,False,False,False,German,Switzerland,23.0,0,0.8090033130637811,Pension Fund City of Zurich (PKZH),,,,,,,,,,,,,,,,
BPL Pensioen,BBL-Annual-Report-2023,96,False,True,False,False,True,True,False,Dutch,Netherlands,23.0,0,1.0000000000000007,BPL Pensioen,UNPRI,General,CA100+,Climate change,,,,,,,,,,,,
West Yorkshire Pension Fund,WYPF-Annual-Report-2023,97,False,True,False,True,True,False,False,English,UK,22.0,0,0.9999999999999999,West Yorkshire Pension Fund,CA100+,Climate change,Institutional Investor Group on Climate Change,Climate,,,,,,,,,,,,
Lærernes Pension,Laerernes-Pension-Annual-Report-2023,98,True,True,False,False,False,False,False,Danish,Denmark,22.0,0,1.0,Lærernes Pension,Paris Aligned Asset Owners,Climate Change,Institutional Investor Group on Climate Change,Climate,,,,,,,,,,,,
P+ (Pension Fund for Academics),P-Plus-Annual-Report-2023,99,False,True,False,False,False,False,False,Danish,Denmark,21.0,0,1.0000000000000002,P+ Pension Fund for Academics,Asset Owner Alliance,Asset Owner Alliance,,,,,,,,,,,,,,
ENPAM,ENPAM-Annual-Report-2023,100,False,True,False,False,False,False,False,Italian,Italy,21.0,0,0.2283607203395132,DPAM,,,,,,,,,,,,,,,,
Shell UK,Shell-UK-Annual-Report-2023,101,False,False,False,False,False,False,False,English,UK,20.0,1,0.9148235675808366,Shell,TNFD Forum,Climate Change,,,,,,,,,,,,,,
Philips Pensioenfonds,Philips-Pensioenfonds-Annual-Report-2023,102,True,True,False,False,True,False,False,Dutch,Netherlands,20.0,0,0.8461672557762593,Stichting Philips Pensioenfonds,,,,,,,,,,,,,,,,
Credit Suisse Pensionskasse,Credit-Suisse-Pensionskasse-Annual-Report-2023,103,True,True,False,False,False,True,False,English,Switzerland,20.0,0,0.7675623006354071,Credit Suisse,,,,,,,,,,,,,,,,
Hoffmann La Roche,,104,,,,,,,,,Switzerland,20.0,0,0.24664440705700208,University of Rochester,,,,,,,,,,,,,,,,
SBB Pensionskasse,SBB-Pensionskasse-Annual-Report-2023,105,False,True,False,False,False,False,False,English,Switzerland,20.0,0,0.6615884752168149,APK Pensionskasse AG,,,,,,,,,,,,,,,,
PK Post,PK-Post-Annual-Report-2023,106,False,True,False,False,False,False,False,German,Switzerland,19.0,0,0.7111270474671441,An Post,,,,,,,,,,,,,,,,
National Treasury Management Agency,NTMA-Annual-Report-2023,107,True,True,False,False,True,False,False,English,Ireland,19.0,0,0.5103845255339541,NSW Treasury Corporation,,,,,,,,,,,,,,,,
Pensioenfonds Metaal OFP,Pensioenfonds-Metaal-OFP-2023,108,False,True,False,False,False,False,False,Dutch,Belgium,19.0,0,0.6858833536994259,Pensioenfonds Metaal en Techniek,,,,,,,,,,,,,,,,
TfL Pension,TfL-Annual-Report-2023,109,False,True,False,False,True,False,False,English,UK,18.0,0,0.48953036773608716,AP Pension,,,,,,,,,,,,,,,,
BBC Pension Scheme,BBC-Pension-Scheme-Annual-Report-2023,110,True,True,False,True,True,True,False,English,UK,18.0,0,0.7394144318806469,BT Pension Scheme,,,,,,,,,,,,,,,,
National Grid,Annual_Report_and_Accounts_2023_24_0,111,False,True,True,True,True,True,False,English,UK,18.0,0,1.0000000000000004,National Grid,TNFD Forum,Climate Change,,,,,,,,,,,,,,
Bernische Pensionskasse (Kanton Bern),BPK-Annual-Report-2023,112,False,True,False,False,True,False,False,German,Switzerland,17.0,0,0.654932041041082,Bernische Pensionskasse BPK Switzerland,,,,,,,,,,,,,,,,
CPEV - Caisse de Pension l'Etat de Vaud,CPEV-Annual-Report-2023,113,True,True,False,False,False,False,False,French,Switzerland,17.0,0,0.6930364048283263,Caisse de pensions de l'Etat de Vaud Switzerland,,,,,,,,,,,,,,,,
Laegernes Pensionskasse,LPB-Annual-Report-2023,114,False,True,False,False,True,True,False,Danish,Denmark,17.0,0,0.8341101572739907,Laegernes Pension,,,,,,,,,,,,,,,,
Pensionskasse Basel-Stadt,PKBS-Annual-Report-2023,115,True,True,False,False,True,False,False,German,Switzerland,17.0,0,1.0000000000000002,Pensionskasse Basel Stadt,CA100+,Climate change,Montreal Carbon Pledge,,,,,,,,,,,,,
Tesco Pensions Investment,Tesco-Annual-Report-2023,116,False,True,False,True,True,False,False,English,UK,16.0,0,0.6872503174707414,Tesco,,,,,,,,,,,,,,,,
Vasakronan,Vasakronan-Annual-Report-2023,117,False,False,False,True,True,False,False,English,Sweden,16.0,0,0.2750169978065216,Vasanda,,,,,,,,,,,,,,,,
Pension Fund for Early Childhood and Youth Educators (Paedagogernes Pension),PBU-Annual-Report-2023,118,False,True,False,False,True,False,False,Danish,Denmark,15.0,0,0.6572301575999046,PBU Pension Fund of Early Childhood Teachers and Educators,,,,,,,,,,,,,,,,
Univest Company (Unilever),Univest-Annual-Report-2023,119,False,False,False,True,False,False,False,English,UK,14.0,0,0.8797520290823619,Unilever Pension Funds (Univest Company),,,,,,,,,,,,,,,,
Monetary Authority of Singapore,MAS_Sustainability_Report_2023_2024,120,False,True,False,False,True,True,False,English,Singapore,5410.0,0,0.5730512424235445,Hong Kong Monetary Authority (HKMA),,,,,,,,,,,,,,,,
Government Pension Investment Fund,GPIF-Annual-Report-2023,121,True,True,False,False,True,False,False,English,Japan,1645.0,0,0.9999999999999997,Government Pension Investment Fund,CA100+,Climate change,,,,,,,,,,,,,,
China Investment Corporation,CIC-Annual-Report-2023,122,True,True,True,False,True,False,True,English,China,1333.0,0,0.660265144108479,Bank of China Limited,,,,,,,,,,,,,,,,
State Administration of Foreign Exchange,SAFE-Annual-report-2023,123,False,False,False,False,False,False,False,English,China,1098.0,1,0.4521781120299375,EFA (European Fund Administration),,,,,,,,,,,,,,,,
TIAA,TIAA-Annual-Report-2023,124,False,False,False,True,False,False,False,English,USA,1061.0,0,0.6193070100159925,"Nuveen, a TIAA Company",,,,,,,,,,,,,,,,
Abu Dhabi Investment Authority ,ADIA-Annual-Review-2023,125,True,True,True,False,True,False,False,English,UAE,968.0,0,0.5317304265533944,First Abu Dhabi Bank P.J.S.C.,,,,,,,,,,,,,,,,
Public Investment Fund/Sanabil Investments (PIF),,126,,,,,,,,,Saudi Arabia,925.0,0,0.5734362006310981,Public Investment Corporation (PIC),,,,,,,,,,,,,,,,
Kuwait Investment Authority,,127,,,,,,,,,Kuwait,923.0,0,0.48211887062181297,Kuwait Financial Centre,,,,,,,,,,,,,,,,
Pension Fund Association for Local Government Officials (Chikyoren),,128,,,,,,,,,Japan,922.0,0,0.4855457501968795,Pension Fund Association,,,,,,,,,,,,,,,,
Government of Singapore Investment Corporation,GIC-Annual-Report-2023,129,True,True,True,True,True,True,False,English,Singapore,880.0,0,0.5942550839507527,Government Pension Investment Fund,,,,,,,,,,,,,,,,
National Council for Society Security Fund,,130,,,,,,,,,China,846.0,0,0.3971642038458458,Kent County Council Pension Fund,,,,,,,,,,,,,,,,
Federal Retirement Thrift Investment Board,,131,,,,,,,,,USA,845.0,0,0.3758487569623409,Federal Finance,,,,,,,,,,,,,,,,
Korea National Pension Service,NPS-Report-2023,132,True,True,False,False,False,False,False,English,South Korea,756.0,0,0.8896452005200561,Korea National Pension Service (NPS),,,,,,,,,,,,,,,,
Hong Kong Monetary Authority,HKMA-Annual-Report-2023,133,True,True,True,True,False,False,False,English,Hong Kong,538.0,0,0.8991306425662058,Hong Kong Monetary Authority (HKMA),,,,,,,,,,,,,,,,
Qatar Investment Authority,,134,,,,,,,,,Qatar,526.0,0,0.4723375154024119,London Pensions Fund Authority,,,,,,,,,,,,,,,,
International Monetary Fund,IMF-Annual-Report-2023,135,True,True,False,True,True,False,False,English,USA,514.0,0,1.0,International Monetary Fund,TNFD Forum,Climate Change,,,,,,,,,,,,,,
California Public Employees Retirement System,,136,,,,,,,,,USA,503.0,0,1.0000000000000002,California Public Employees' Retirement System,Ceres Investor Network on Climate Risk and Sustainability,General,,,,,,,,,,,,,,
Saudia Arabian Monetary Authority ,SAMA-Annual-Report-2023,137,True,False,False,True,True,False,True,English,Saudi Arabia,486.0,0,0.5138832345835047,Hong Kong Monetary Authority (HKMA),,,,,,,,,,,,,,,,
Canada Pension Plan Investment Board,CPP-Annual-Report-2023,138,True,True,False,True,True,True,False,English,Canada,470.0,0,0.8135710659826638,Canada Pension Plan Investment Board (CPPIB),,,,,,,,,,,,,,,,
Central Provident Fund ,CPFB-Annual-Report-2023,139,True,True,True,True,True,False,False,English,Singapore,437.0,0,0.777180465031505,provident fund,,,,,,,,,,,,,,,,
Investment Corporation of Dubai,ICD-Annual-Report-2023,140,True,True,False,True,True,True,False,English,UAE,360.0,0,0.7574343709864872,Dubai Green Fund Investments LLC,,,,,,,,,,,,,,,,
California State Teachers Retirement System,,141,,,,,,,,,USA,347.0,0,1.0,California State Teachers' Retirement System,Ceres Investor Network on Climate Risk and Sustainability,General,,,,,,,,,,,,,,
First Abu Dhabi Bank,FAB-Annual-Report-2023,142,True,True,True,True,True,True,False,English,UAE,318.0,0,0.9602161338570118,First Abu Dhabi Bank P.J.S.C.,Principles for Responsible Banking,General,Net-Zero Banking Alliance,Climate change,,,,,,,,,,,,
Caisse de Depot et Placement du Quebec,CDPQ-Annual-Report-2023,143,True,True,True,False,True,False,True,English,Canada,316.0,0,0.9999999999999999,Caisse de depot et placement du Quebec,Ceres Investor Network on Climate Risk and Sustainability,General,Asset Owner Alliance,Asset Owner Alliance,Montreal Carbon Pledge,,CA100+,Climate change,,,,,,,,
Mubadala,mubadala-annual-report-2023,144,True,True,False,True,True,True,False,English,UAE,309.0,0,0.13403367911000202,Vala Capital,,,,,,,,,,,,,,,,
Temasek holdings,Temasek-Review-2023-Highlights,145,True,True,True,True,True,True,False,English,Singapore,295.0,0,0.8156523024488893,Temasek,,,,,,,,,,,,,,,,
NYC Office of the Comptroller,,146,,,,,,,,,USA,282.0,0,0.7837055329845874,New York City Office of the Comptroller,,,,,,,,,,,,,,,,
New York State Common Retirement Fund,,147,,,,,,,,,USA,268.0,0,1.0000000000000002,New York State Common Retirement Fund,UNPRI,General,CA100+,Climate change,FAIRR,General,Paris Aligned Asset Owners,Climate Change,,,,,,,,
Florida State Board of Administration,FSBA-Annual-Report-2023,148,False,False,False,False,False,False,False,English,USA,260.0,1,0.4612605432568827,EFA (European Fund Administration),,,,,,,,,,,,,,,,
Employees Provident Fund,EPFM-Annual-Report-2023,149,True,True,False,False,True,True,False,English,Malaysia,235.0,0,1.0000000000000002,Employees Provident Fund,UNPRI,General,,,,,,,,,,,,,,
AustralianSuper,Australian-Super-Annual-Report-2023,150,True,True,False,False,False,False,False,English,Australia,230.0,0,1.0000000000000002,AustralianSuper,UNPRI,General,CA100+,Climate change,TNFD Forum,Climate Change,Investor Group on Climate Change,,Institutional Investor Group on Climate Change,Climate,,,,,,
Teacher Retirement System of Texas,,151,,,,,,,,,USA,211.0,0,0.6849702963342125,Teacher’s Retirement System of the City of New York,,,,,,,,,,,,,,,,
Washington State Investment Board,WSIB-Annual-Report-2023,152,True,True,False,False,False,False,False,English,USA,205.0,0,1.0000000000000009,Washington State Investment Board,Ceres Investor Network on Climate Risk and Sustainability,General,CA100+,Climate change,,,,,,,,,,,,
Australian Retirement Trust,ART-Annual-Report-2023,153,True,True,False,True,True,True,False,English,Australia,203.0,0,0.9999999999999998,Australian Retirement Trust,UNPRI,General,Investor Group on Climate Change,,,,,,,,,,,,,
Labor Pension Fund Taiwan,,154,,,,,,,,,Taiwan,202.0,0,0.5765729832976395,Bank of Taiwan,,,,,,,,,,,,,,,,
Abu Dhabi Developmental Holding,ADQ-5-Year-Report-2023,155,True,True,True,True,True,False,False,English,UAE,196.0,0,0.4945443720386927,First Abu Dhabi Bank P.J.S.C.,,,,,,,,,,,,,,,,
Future Fund,Future-Fund-Year-In-Review-2023,156,True,False,True,True,True,True,False,English,Australia,194.0,0,0.7975309764115249,Future Food Fund,,,,,,,,,,,,,,,,
Public Sector Pension Investment Board,PSPIB-Annual-Report-2023,157,False,True,False,False,True,False,False,English,Canada,191.0,1,0.9999999999999999,Public Sector Pension Investment Board,UNPRI,General,,,,,,,,,,,,,,
Korea Investment Corporation,KIC-Annual-Report-2023-organised,158,,,,,,,,South-Korean,South Korea,189.0,0,1.0,Korea Investment Corporation,UNPRI,General,,,,,,,,,,,,,,
Ontario Teachers' Pension Plan,OTPP-Annual-Report-2023,159,True,True,True,False,True,False,True,English,Canada,184.0,0,1.0000000000000002,Ontario Teachers' Pension Plan,CA100+,Climate change,Investor Leadership Network,General,,,,,,,,,,,,
British Columbia Investment Management Corporation,BCI-Annual-Report-2023,160,True,True,False,False,False,False,False,English,Canada,182.0,0,1.0000000000000002,British Columbia Investment Management Corporation,UNPRI,General,CA100+,Climate change,,,,,,,,,,,,
University of California Office of the Regents,UC-Annual-Report-2023,161,False,True,False,False,False,False,False,English,USA,180.0,0,0.7613659554993818,University of California,,,,,,,,,,,,,,,,
Employee's Provident Fund Organisation India,EPFI-Annual-Report-2023,162,False,False,False,True,False,False,False,English,India,176.0,1,0.6163290353139826,Employees Provident Fund,,,,,,,,,,,,,,,,
North Carolina Retirement Systems,,163,,,,,,,,,USA,171.0,0,0.4187807748184545,Boston Retirement System,,,,,,,,,,,,,,,,
Texas Treasury Safekeeping Trust,,164,,,,,,,,,USA,165.0,0,0.38858662060503996,NSW Treasury Corporation,,,,,,,,,,,,,,,,
Public Investment Corporation,PIC-Annual-Integrated-Report-2023,165,True,True,False,False,False,False,False,English,South Africa,152.0,0,0.8548476223338849,Public Investment Corporation (PIC),,,,,,,,,,,,,,,,
National Wealth Fund,,166,,,,,,,,,Russia,148.0,0,0.5575348402488196,NATIONAL-BANK AG,,,,,,,,,,,,,,,,
Minnesota State Board of Investment,MSBI-Annual-Report-2023,167,False,False,False,False,False,False,True,English,USA,146.0,0,1.0000000000000002,Minnesota State Board of Investment,Ceres Investor Network on Climate Risk and Sustainability,General,CA100+,Climate change,,,,,,,,,,,,
New York State Teachers' Retirement Fund,NYSTRF-Annual-Report-2023,168,False,False,False,False,False,False,False,English,USA,146.0,1,0.878368746388085,New York State Teachers' Retirement System,,,,,,,,,,,,,,,,
State of Wisconsin Investment Board,SWIB-Annual-Report-2023,169,False,False,False,False,False,False,False,English,USA,132.0,1,0.4553373852749222,Minnesota State Board of Investment,,,,,,,,,,,,,,,,
National Development Fund (IRN),,170,,,,,,,,,Iran,132.0,0,0.611012549672498,U.S. International Development Finance Corporation,,,,,,,,,,,,,,,,
National Development Fund (SAU),,171,,,,,,,,,Saudi Arabia,132.0,0,0.6259486101874729,U.S. International Development Finance Corporation,,,,,,,,,,,,,,,,
Public Institute for Social Security,,172,,,,,,,,,Kuwait,132.0,0,0.42877273680627653,CFA Institute,,,,,,,,,,,,,,,,
Pension Benefit Guaranty Corporation,pbgc-annual-report-2023,173,False,False,False,False,False,False,False,English,USA,128.0,1,0.51497919803661,green benefit AG,,,,,,,,,,,,,,,,
Government Employees Pension Fund,GEPF-Annual-Report-2023,174,True,True,False,False,False,False,False,English,South Africa,122.0,0,0.7972243513021025,Government Employees Pension Fund of South Africa,,,,,,,,,,,,,,,,
Aware Super,Aware-Super-Annual-Report-2023,175,True,True,True,False,True,True,False,English,Australia,120.0,0,1.0000000000000002,Aware Super,UNPRI,General,CA100+,Climate change,Investor Group on Climate Change,,,,,,,,,,,
AIMco,AIMco-Annual-Report-2023,176,True,True,True,True,True,False,True,English,Canada,118.0,0,1.0,AIMCo,PCAF,Climate Change,Investor Leadership Network,General,,,,,,,,,,,,
Ohio Public Employees Retirement System,OPERSO-Annual-Comprehensive-Report-2023,177,False,False,False,False,False,False,False,English,USA,115.0,1,0.7435285224273517,Maine Public Employee Retirement System,,,,,,,,,,,,,,,,
New York City Teachers' Retirement System,TRSNYC-Annual-Comprehensive-Report-2023,178,False,False,False,False,False,False,False,English,USA,113.0,1,0.9383301967645221,Teachers' Retirement System of the City of New York,UNPRI,General,,,,,,,,,,,,,,
Michigan State Retirement System,MSRS-Annual-Report-2023,179,False,False,False,False,False,False,False,English,USA,108.0,1,0.502960451936894,New York State Teachers' Retirement System,,,,,,,,,,,,,,,,
Teachers Retirement System of Georgia,TRSG-Annual-Comprehensive-Report-2023,180,False,False,False,False,False,False,False,English,USA,106.0,1,0.6464830624398774,Teachers' Retirement System of the City of New York,,,,,,,,,,,,,,,,
Virgina Retirement System,,181,,,,,,,,,USA,106.0,0,0.5495814938135168,Boston Retirement System,,,,,,,,,,,,,,,,
Massachusetts PRIM,Mass-PRIM-Annual-Comprehensive-Report-2023,182,False,True,False,False,False,False,False,English,USA,104.0,0,0.7143473838479913,Massachusetts Financial Services,,,,,,,,,,,,,,,,
Tennessee Department of Treasury,TDT-Annual-Report-2023,183,False,False,False,False,False,False,False,English,USA,99.0,1,0.4138592141719729,NSW Treasury Corporation,,,,,,,,,,,,,,,,
Amitim,Mivtachim-Annual-actuarial-reports-2023,184,False,False,False,False,False,False,False,Hebrew,Israel,98.0,1,0.3152094613461165,AMITA Holdings Co. Ltd,,,,,,,,,,,,,,,,
United Nations Joint Staff Pension Fund,UNJSPF-Annual-Report-2023,185,True,True,True,True,True,True,True,English,USA,97.0,0,1.0000000000000002,United Nations Joint Staff Pension Fund,Ceres Investor Network on Climate Risk and Sustainability,General,UNPRI,General,,,,,,,,,,,,
Ontario Municipal Employees' Retirement System,OMERS-Annual-Report-2023,186,True,True,True,False,True,False,False,English,Canada,96.0,0,0.6423603974651062,East Bay Municipal Utility District Employees Retirement System,,,,,,,,,,,,,,,,
State Teachers Retirement System of Ohio,STRSOH-Annual-Comprehensive-Report-2023,187,False,False,False,False,False,False,False,English,USA,95.0,1,0.7744442607024982,New York State Teachers' Retirement System,,,,,,,,,,,,,,,,
Oregon Public Employees Retirement System,OPERS-Annual-Comprehensive-Report-2023,188,False,False,False,False,False,False,False,English,USA,94.0,1,0.7159700978263513,Maine Public Employee Retirement System,,,,,,,,,,,,,,,,
UniSuper,Uni-Super-Fund-Annual-Report-2023,189,False,True,False,False,False,False,False,English,Australia,92.0,1,1.0000000000000002,UniSuper,CA100+,Climate change,,,,,,,,,,,,,,
Kaiser Permanente,Kaiser-Permanente-Annual-Report-2023,190,True,False,True,False,True,False,True,English,USA,92.0,0,0.3881066338042042,Kaiser Partner Privatbank AG,,,,,,,,,,,,,,,,
RTX,RTX-Annual-Report-2023,191,True,False,False,True,True,False,False,English,USA,89.0,0,0.0,123 Investment Managers,,,,,,,,,,,,,,,,
Raytheon Technologies Pension,,192,,,,,,,,,USA,89.0,0,0.5079969674571462,Arcturus Technologies Limited,,,,,,,,,,,,,,,,
Pension Fund Association,PFA-Annual-Report-2023,193,False,False,False,False,False,False,False,English,Japan,89.0,1,1.0,Pension Fund Association,UNPRI,General,,,,,,,,,,,,,,
Retraite Quebec,Retraite-Quebec-Annual-Report-2023,194,True,False,False,False,False,False,False,French,Canada,87.0,0,0.7120620595363664,Régime de retraite d'Hydro-Québec,,,,,,,,,,,,,,,,
Emirates Investment Authority ,EIA-Inaugural-Report,195,True,True,True,False,False,False,False,English,UAE,86.0,1,0.5351648901059759,Emirates NBD Asset Management,,,,,,,,,,,,,,,,
RGA Reinsurance Company,RGA-Annual-Report-2023,196,False,True,False,False,False,False,False,English,USA,85.0,1,0.6642255063814636,Swiss Reinsurance Company Ltd,,,,,,,,,,,,,,,,
World Bank,World-Bank-Annual-Report-2023,197,True,False,False,True,True,False,True,English,USA,82.0,0,1.0,World Bank,TNFD Forum,Climate Change,,,,,,,,,,,,,,
Healthcare of Ontario Pension Plan,HOOP-Annual-Report-2023,198,True,True,False,True,True,False,False,English,Canada,82.0,0,0.86955820666825,Healthcare of Ontario Pension Plan (HOOPP),,,,,,,,,,,,,,,,
Alaska Permanent Fund Corporation,APFC-Annual-Report-2023,199,False,True,False,False,False,False,False,English,USA,81.0,1,0.5375182559887044,Alaska Asset Management,,,,,,,,,,,,,,,,
New York City Employees Retirement System,NYCERS-Annual-Comprehensive-Report-2023,200,False,False,False,False,False,False,False,English,USA,81.0,1,0.9999999999999999,New York City Employees Retirement System,UNPRI,General,Ceres Investor Network on Climate Risk and Sustainability,General,,,,,,,,,,,,
Hostplus,Hostplus-Annual-Report-2023,201,True,True,False,True,False,False,False,English,Australia,78.0,0,0.9999999999999994,HOSTPLUS,UNPRI,General,,,,,,,,,,,,,,
Lockheed Martin Investment Company,,202,,,,,,,,,USA,78.0,0,0.41984169485045114,Martin Currie Investment Management,,,,,,,,,,,,,,,,
Permodalan Nasional Berhad,PNB-Integrated-Annual-Report-2023,203,False,False,False,False,False,False,False,English,Malaysia,77.0,1,0.49995810850743294,Khazanah Nasional Berhad,,,,,,,,,,,,,,,,
New Jersey Investment Division,NJID-Annual-Report-2023,204,True,True,True,True,True,True,False,English,USA,76.0,0,0.9870294892700509,New Jersey Division of Investment,Ceres Investor Network on Climate Risk and Sustainability,General,CA100+,Climate change,,,,,,,,,,,,
IBM (US) Retirement Fund,,205,,,,,,,,,USA,76.0,0,0.7010863019083967,LA Retirement Fund,,,,,,,,,,,,,,,,
General Electric Pension,,206,,,,,,,,,USA,74.0,0,0.4057616074466525,"Banco General, S.A.",,,,,,,,,,,,,,,,
New South Wales Treasury Corporation,NSWTC-Annual-Report-2023,207,True,True,True,False,False,True,False,English,Australia,74.0,0,0.7618427284404765,"New South Wales Treasury, Government of Australia",,,,,,,,,,,,,,,,
Los Angeles County Employees Retirement Assocation,LACERA-Annual-Comprehensive-Report-2023,208,False,True,False,False,False,False,False,English,USA,74.0,1,0.8707948473982849,Los Angeles County Employees Retirement Association,,,,,,,,,,,,,,,,
QIC,QIC-Annual-Report-2023,209,True,True,False,True,True,False,False,English,Australia,73.0,0,1.0000000000000002,QIC,UNPRI,General,CA100+,Climate change,Investor Group on Climate Change,,,,,,,,,,,
GM pension,,210,,,,,,,,,USA,73.0,0,0.6187668696839831,AP Pension,,,,,,,,,,,,,,,,
Pennsylvania Public School Employees' Retirement System,PPSERS-Annual-Comprehensive-Report-2023,211,False,True,False,False,False,False,False,English,USA,73.0,0,0.574938568254352,California Public Employees' Retirement System,,,,,,,,,,,,,,,,
United Parcel Service Pension,,212,,,,,,,,,USA,72.0,0,0.5060560616537231,National Pension Service,,,,,,,,,,,,,,,,
Teachers' Retirement System of the State of Illinois,TRSSI-Annual-Comprehensive-Report-2023,213,False,False,False,False,False,False,False,English,USA,71.0,1,0.6743971998996953,New York State Teachers' Retirement System,,,,,,,,,,,,,,,,
University Texas/Texas A&M Investment Company,UTIMCO-Annual-Report-2023,214,False,False,False,False,False,False,False,English,USA,70.0,1,0.38519059191804894,TED University,,,,,,,,,,,,,,,,
Samruk-Kazyna,Samruk-Kazyna-Annual-Report-2023,215,True,True,True,False,False,False,False,English,Kazakhstan,70.0,1,0.45668815450912376,Kazyna Capital Management Joint Stock Company,,,,,,,,,,,,,,,,
Maryland State Retirement,MSR-Annual-Comprehensive-Report-2023,216,False,True,False,False,False,False,False,English,USA,68.0,0,0.8354831795754782,Maryland State Retirement and Pension System,,,,,,,,,,,,,,,,
Afore XXI Banorte,,217,,,,,,,,,Mexico,68.0,0,1.0000000000000004,Afore XXI Banorte,UNPRI,General,CA100+,Climate change,,,,,,,,,,,,
Libyan Investment Authority,LIA-Overview-Valuation-2019,218,False,False,False,False,False,False,False,English,Libya,67.0,1,0.4430552619564904,London Pensions Fund Authority,,,,,,,,,,,,,,,,
Tennessee Consolidated Retirement System,TCRS-Annual-Comprehensive-Report-2023,219,False,False,False,False,False,False,False,English,USA,65.0,1,0.38390892261631543,Boston Retirement System,,,,,,,,,,,,,,,,
Nevada Public Employees' Retirement,,220,,,,,,,,,USA,64.0,0,0.5897109960031348,Maine Public Employee Retirement System,,,,,,,,,,,,,,,,
Cbus Super,Cbus-Super-Annual-Integrated-Report-2023,221,True,True,False,True,True,False,False,English,Australia,63.0,0,0.7774364179129118,Cbus,,,,,,,,,,,,,,,,
Afore Profuturo GNP,GNP-Annual-Report-2023,222,True,True,False,False,False,False,False,Spanish,Mexico,62.0,0,0.8884433571813376,Afore Profuturo,,,,,,,,,,,,,,,,
Lilly Endowment,LE-Annual-Report-2023,223,False,True,False,False,False,False,False,English,USA,62.0,0,0.6229975392830849,OU Endowment Management,,,,,,,,,,,,,,,,
Northrop Grumman,NG-Annual-Report-2023,224,True,True,False,True,True,False,True,English,USA,62.0,0,0.22256391006042242,True North,,,,,,,,,,,,,,,,
Coloroda Public Employees Retirement,CPER-Annual-Comprehensive-Report-2023,225,False,True,False,False,False,False,False,English,USA,61.0,0,0.5553488289912724,Maine Public Employee Retirement System,,,,,,,,,,,,,,,,
AMP,AMP-Annual-Report-2023,226,False,True,False,True,True,False,False,English,Australia,61.0,0,1.0,AMP Limited,UNPRI,General,,,,,,,,,,,,,,
Brunei Investment Agency,,227,,,,,,,,,Brunei,60.0,0,0.3677251781913129,NEI Investments,,,,,,,,,,,,,,,,
HESTA Super Fund,HESTA-Annual-Report-2023,228,True,True,True,False,False,False,False,English,Australia,59.0,0,1.0,HESTA Super Fund,UNPRI,General,,,,,,,,,,,,,,
UAW Retiree Medical Benefits Trust,UAW-All-Members-Benefits-Highlights-2023,229,False,False,False,False,False,False,False,English,USA,59.0,1,1.0000000000000002,UAW Retiree Medical Benefits Trust,Ceres Investor Network on Climate Risk and Sustainability,General,UNPRI,General,,,,,,,,,,,,
Insignia Financial,Insignia-Financial-Annual-Report-2023,230,True,True,False,False,False,False,True,English,Australia,58.0,0,0.6300143332423377,Insignia Assets Management,,,,,,,,,,,,,,,,
REST Super,REST-super-Annual-Report-2023,231,True,True,True,True,False,False,False,English,Australia,57.0,0,0.6564253399245635,Rest,,,,,,,,,,,,,,,,
Cascade Investments,,232,,,,,,,,,USA,57.0,0,0.44532157724793414,M&G Investments,,,,,,,,,,,,,,,,
Texas Permanent School Fund,TPSF-Annual-Comprehensive-Report-2023,233,False,False,True,False,False,False,False,English,USA,57.0,0,0.34712198332364747,Sophia School Corporation,,,,,,,,,,,,,,,,
Victorian Funds Management Corporation,VFMC-Annual-Report-2023,234,True,True,True,True,True,True,True,English,Australia,57.0,0,0.9999999999999997,Victorian Funds Management Corporation,UNPRI,General,Investor Group on Climate Change,,,,,,,,,,,,,
State Oil Fund of Azerbaijan,Oil-Fund-Azerbaijan-Annual-Report-2023,235,True,True,False,False,False,False,False,English,Azerbaijan,56.0,0,0.2057352712018311,New York State Insurance Fund,,,,,,,,,,,,,,,,
Investment Management Corporation of Ontario,IMCO-Annual-Report-2023,236,True,True,True,True,True,True,False,English,Canada,56.0,0,1.0000000000000002,Investment Management Corporation of Ontario,Ceres Investor Network on Climate Risk and Sustainability,General,Paris Aligned Asset Owners,Climate Change,,,,,,,,,,,,
Western Conference of Teamsters Pension Trust,,237,,,,,,,,,USA,55.0,0,0.4146673981882846,"International Brotherhood of Teamsters, Pension Fund",,,,,,,,,,,,,,,,
Afore Citibanamex,Afore-Citibanamex-Raporte-de-la-Administracion-2023,238,False,False,False,False,False,False,False,Spanish ,Mexico,55.0,1,1.0000000000000002,Citibanamex Afore,UNPRI,General,,,,,,,,,,,,,,
Ford Motor Company Pension Fund,,239,,,,,,,,,USA,55.0,0,0.4902993256640443,"Honda Motor Co., Ltd.",,,,,,,,,,,,,,,,
Sura Afore,Sura-Afore-Informe-Anual-2023,240,True,True,False,False,True,False,False,Spanish ,Mexico,55.0,0,1.0,Afore Sura,UNPRI,General,CA100+,Climate change,,,,,,,,,,,,
Wells Fargo Retirement Plan,WFRP-Annual-Report-2023,241,False,True,False,False,False,False,False,English,USA,55.0,0,0.7691081337979456,Wells Fargo & Company,,,,,,,,,,,,,,,,
NYC Police Pension Fund,NYCPPF-Annual-Comprehensive-Report-2023,242,False,False,False,False,False,False,False,English,USA,54.0,1,0.43420658875706425,Fire and Police Pension Association of Colorado,,,,,,,,,,,,,,,,
Illinois Municipal Retirement Fund,IMRF-Annual-Comprehensive-Report-2023,243,False,True,False,True,False,False,False,English,USA,54.0,0,0.4586700464256324,LA Retirement Fund,,,,,,,,,,,,,,,,
JP Morgan Chase,JP-Morgan-Chase-Annual-Report-2023,244,True,True,False,True,True,True,False,English,USA,54.0,0,1.0,JP Morgan Chase & Co.,Global Impact Investment Network,,,,,,,,,,,,,,,
Arizona State Retirement System,ASRS-Annual-Comprehensive-Report-2023,245,False,False,False,False,False,False,False,English,USA,52.0,1,0.5303584465458151,Arizona State University Foundation,,,,,,,,,,,,,,,,
AFP Habitat SA,AFP-Habitat-Cuenta-Pública-2023,246,True,True,False,False,False,False,False,Spanish,Chile,52.0,0,0.6336555842442316,The Habitat People,,,,,,,,,,,,,,,,
Harvard Management Company (Harvard University Investment),HMC-Annual-Report-2023,247,True,True,True,True,True,False,False,English,USA,51.0,0,0.8967275442082914,Harvard Management Company (Harvard University Endowment),,,,,,,,,,,,,,,,
Public School and Education Employee Retirement Systems of Missouri,PSEERSM-Annual-Comprehensive-Report-2023,248,False,False,False,False,False,False,False,English,USA,50.0,1,0.5461156236732332,Maine Public Employee Retirement System,,,,,,,,,,,,,,,,
Exelon Corporation Pension Plan,,249,,,,,,,,,USA,50.0,0,0.7955402491905141,Exelon Corporation,,,,,,,,,,,,,,,,
National Federation of Mutual Aid Associations for Municipal Personnel (Shichousonren),NFMAAMP-Annual-Report-2022,250,False,True,False,False,False,False,False,English,Japan,50.0,0,0.3710808301068949,Federation of Canadian Municipalities,,,,,,,,,,,,,,,,
New Mexico State Investment Council,,251,,,,,,,,,USA,50.0,0,0.5123833197086398,New Mexico State Treasurer's Office,,,,,,,,,,,,,,,,
Office of the Treasurer of the State of Connecticut,Treasurer-Connecticut-Annual-Report-2023,252,False,False,False,False,False,False,False,English,USA,50.0,1,0.9616664961947914,Connecticut Office of the State Treasurer,Ceres Investor Network on Climate Risk and Sustainability,General,,,,,,,,,,,,,,
Connecticut Retirement Plans and Trust Funds,,253,,,,,,,,,USA,50.0,0,0.8782700828729894,Connecticut Retirement Plans and Trust Funds (CRPTF),,,,,,,,,,,,,,,,
FedEx Pension,,254,,,,,,,,,USA,49.0,0,0.4452539424599736,AP Pension,,,,,,,,,,,,,,,,
Boeing Employee Retirement Plan,,255,,,,,,,,,USA,49.0,0,0.481411231313951,Maine Public Employee Retirement System,,,,,,,,,,,,,,,,
State Farm Pension,,256,,,,,,,,,USA,48.0,0,0.46743941326512783,Old Farm Partners,,,,,,,,,,,,,,,,
Retirement Systems of Alabama,RSA-Annual-Report-2023,257,False,True,False,False,False,False,False,English,USA,48.0,0,0.45002758173820995,Boston Retirement System,,,,,,,,,,,,,,,,
Mastercard Foundation Asset Management,,258,,,,,,,,,Canada,47.0,0,0.8894995582755215,The Mastercard Foundation,,,,,,,,,,,,,,,,
Indiana Public Employees Retirement,INPRS-Annual-Comprehensive-Report-2023,259,False,False,False,False,False,False,False,English,USA,47.0,1,0.6067755299111596,Maine Public Employee Retirement System,,,,,,,,,,,,,,,,
Texas County and District Retirement System,TCDRS-Annual-Comprehensive-Report-2023,260,False,False,False,False,False,False,False,English,USA,46.0,1,0.5298224122153434,East Bay Municipal Utility District Retirement System,,,,,,,,,,,,,,,,
New Zealand Superannuation,New-Zealand-Superannuation-Annual-Report-2023,261,True,True,False,True,True,True,False,English,New Zealand,46.0,1,0.9684792113712455,New Zealand Superannuation Fund,UNPRI,General,CA100+,Climate change,,,,,,,,,,,,
Local Authorities Pension Plan Alberta,LAPP-Annual-Report-2023,262,True,True,False,False,False,False,False,English,Canada,46.0,0,0.55052236776674,Local Authority Pension Fund Forum,,,,,,,,,,,,,,,,
Verizon Investment Management,,263,,,,,,,,,USA,46.0,0,0.5245976322345398,SL Investment Management Ltd,,,,,,,,,,,,,,,,
Public School Employees,,264,,,,,,,,,Japan,45.0,0,0.5870618442331167,Canadian Union of Public Employees Employees' Pension Plan (CEPP),,,,,,,,,,,,,,,,
Iowa Public Employees Retirement System,IPERS-Annual-Comprehensive-Report-2023,265,False,False,True,False,False,False,False,English,USA,44.0,0,0.7259082175653493,Maine Public Employee Retirement System,,,,,,,,,,,,,,,,
Stanford Management Company,,266,,,,,,,,,USA,42.0,0,0.5311930991771077,Sanford DeLand Asset Management,,,,,,,,,,,,,,,,
Microsoft,Microsoft-Annual-Report-2023,267,False,True,False,False,True,False,True,English,USA,42.0,0,0.2954351127342402,"Microvest Capital Management, LLC",,,,,,,,,,,,,,,,
Texas Municipal Retirement System,TMRS-Annual-Comprehensive-Report-2022,268,False,False,False,False,False,False,False,English,USA,41.0,1,0.5812164563419645,East Bay Municipal Utility District Retirement System,,,,,,,,,,,,,,,,
Minnesota Public Employees Retirement Association,MNPERA-Annual-Comprehensive-Report-2023,269,False,False,False,True,False,False,False,English,USA,41.0,0,0.5526985740407383,Los Angeles County Employees Retirement Association,,,,,,,,,,,,,,,,
AFP Provida,Pro-Vida-Reporte-Integrado-2023,270,True,True,False,False,False,False,False,Spanish ,Chile,41.0,0,0.9817642257811766,AFP Provida S.A.,UNPRI,General,,,,,,,,,,,,,,
Nebraska Investment Council,NIC-Annual-Report-2023,271,False,True,False,False,False,False,False,English,USA,41.0,0,0.46408856412438626,Australian Investment Council,,,,,,,,,,,,,,,,
Yale University Investment Office ,Yale-Investment-Report-2023,272,False,True,False,False,False,False,False,English,USA,41.0,0,0.6747715184477516,Tufts University Investment Office,,,,,,,,,,,,,,,,
South Carolina Retirement System Investment Commission,SCRSIC-Annual-Investment-Report-2023,273,False,False,False,False,False,False,False,English,USA,41.0,1,0.40068017036469566,Boston Retirement System,,,,,,,,,,,,,,,,
CommonSpirit Health,Common-Spirit-Health-Financial-Statements-2024,274,False,True,False,False,False,False,False,English,USA,40.0,0,0.41703494173244254,Spirit Super,,,,,,,,,,,,,,,,
Employees Retirement System of Texas,ERST-Annual-Comprehensive-Report-2023,275,False,False,False,False,False,False,False,English,USA,40.0,1,0.6958874063281416,New York City Employees Retirement System,,,,,,,,,,,,,,,,
Retirement Fund KWAP,KWAP-Annual-Report-2022,276,True,True,False,True,False,False,False,English,Malaysia,38.0,0,1.0000000000000002,Retirement Fund (Incorporated) (KWAP),UNPRI,General,,,,,,,,,,,,,,
AFP Proteccion,AFP-Proteccion-Informe-Annual-2023,277,True,True,False,False,False,False,False,Spanish ,Colombia,38.0,0,0.9071706467366742,Proteccion SA,UNPRI,General,,,,,,,,,,,,,,
Nokia USA,Nokia-USA-Annual-Report-2023,278,False,True,False,False,False,False,False,English,USA,38.0,0,0.32341010272307286,ORIX Corporation USA,,,,,,,,,,,,,,,,
Commonwealth Superannuation Corporation,Commonwealth-Superannuation-Corporation-Annual-Report-2023,279,True,True,True,False,True,True,False,English,Australia,38.0,0,0.9999999999999998,Commonwealth Superannuation Corporation,Montreal Carbon Pledge,,,,,,,,,,,,,,,
AFP Capital,,280,,,,,,,,,Chile,37.0,0,1.0000000000000002,AFP Capital,UNPRI,General,,,,,,,,,,,,,,
Pennsylvania State Employees' Retirement System,PSERS-Annual-Comprehensive-Report-2023,281,False,False,False,False,False,False,False,English,USA,36.0,1,0.5579908320054053,Employees Retirement System of the State of Hawaii,,,,,,,,,,,,,,,,
Utah Retirement Systems,URS-Annual-Comprehensive-Report-2023,282,False,False,False,False,False,False,False,English,USA,36.0,1,0.50293603071099,Boston Retirement System,,,,,,,,,,,,,,,,
Social Insurance Funds,,283,,,,,,,,,Vietnam,36.0,0,0.665873541611796,AG Insurance,,,,,,,,,,,,,,,,
Public Employees' Retirement System of Mississippi,PERSM-Annual-Comprehensive-Report-2023,284,False,False,False,False,False,False,False,English,USA,36.0,1,0.5905218100679055,Maine Public Employee Retirement System,,,,,,,,,,,,,,,,
Massachusetts Teachers' Retirement System,MTRS-Annual-Statement-2023,285,False,True,False,False,False,False,False,English,USA,35.0,0,0.5760431550752194,Massachusetts Financial Services,,,,,,,,,,,,,,,,
Japan Post Bank,JPB-Annual-Report-2023,286,True,False,False,True,True,False,False,English,Japan,35.0,0,1.0000000000000004,"Japan Post Bank Co., Ltd",PCAF,Climate Change,TNFD Forum,Climate Change,,,,,,,,,,,,
Exxon Mobil Pension Fund,,287,,,,,,,,,USA,35.0,0,0.39647264226008566,BP Pension Fund,,,,,,,,,,,,,,,,
AFP Cuprum,AFP-Cuprum-Memoria-Anual-2023,288,True,True,True,False,False,False,False,Spanish,Chile,35.0,0,1.0000000000000004,Cuprum afp,UNPRI,General,,,,,,,,,,,,,,
New York State Deferred Compensation Plan,,289,,,,,,,,,USA,34.0,0,0.4322636589772278,Accident Compensation Corporation,,,,,,,,,,,,,,,,
Princeton University Investment Company,Princeton-Treasurer-2023,290,False,False,False,False,False,False,False,English,USA,34.0,1,0.46116970746443586,Carleton University,,,,,,,,,,,,,,,,
Korea Investment Management,,291,,,,,,,,,South Korea,34.0,0,0.9011458164027436,Korea Investment Corporation,UNPRI,General,,,,,,,,,,,,,,
Alaska Retirement Management Board,,292,,,,,,,,,USA,34.0,0,0.6825015147461517,Alaska Asset Management,,,,,,,,,,,,,,,,
San Francisco City & County,SFCC-Annual-Comprehensive-Report-2023,293,False,True,False,False,False,False,False,English,USA,34.0,0,0.5801165650496922,"Francisco Partners Management, L.P.",,,,,,,,,,,,,,,,
San Francisco Employees' Retirement System,SFERS-Annual-Report-2023,294,False,True,False,False,False,False,False,English,USA,34.0,0,1.0,San Francisco Employees Retirement System,UNPRI,General,CA100+,Climate change,Ceres Investor Network on Climate Risk and Sustainability,General,,,,,,,,,,
Ontario Power Generation,OPG-Integrated-ESG-Annual-Report-2023,295,True,False,False,False,False,False,False,English,Canada,33.0,0,0.4740484459514895,Capital Generation Partners,,,,,,,,,,,,,,,,
Illinois State Board of Investment,ISBI-Annual-Report-2023,296,False,False,False,False,False,False,False,English,USA,32.0,1,0.617854295703988,Illinois State Treasurer,,,,,,,,,,,,,,,,
Los Angeles Fire and Police Pension Fund,LAFPPF-Annual-Report-2023,297,False,False,False,False,False,False,False,English,USA,31.0,1,0.5940090813763758,Los Angeles Capital,,,,,,,,,,,,,,,,
Chevron Corporation Pension Fund,Chevron-Annual-Funding-Notice-2023,298,False,True,False,False,False,False,False,English,USA,31.0,0,0.4307221225537686,BP Pension Fund,,,,,,,,,,,,,,,,
Wyoming State Treasurer's Office,WSTO-Annual-Report-2023,299,False,True,False,False,False,False,False,English,USA,31.0,0,0.657406518325162,Vermont State Treasurer's Office,,,,,,,,,,,,,,,,
Honeywell Pension,,300,,,,,,,,,USA,31.0,0,0.32067177562305066,AP Pension,,,,,,,,,,,,,,,,
CVS Health,CVS-Health-Annual-Report-2023,301,True,True,False,True,True,False,False,English,USA,31.0,0,0.47413914221479053,SV Health Managers LLP,,,,,,,,,,,,,,,,
BC Public Sector Pension Plans,BCPSPP-Annual-Report-2023,302,True,True,True,True,False,False,False,English,Canada,31.0,0,0.6802011790689041,Public Sector Pension Investment Board,,,,,,,,,,,,,,,,
Commonfund,,303,,,,,,,,,USA,30.0,0,1.0000000000000004,Commonfund,UNPRI,General,,,,,,,,,,,,,,
Funds SA,Funds-SA-Annual-Review-2023,304,True,True,False,True,False,True,False,English,Australia,30.0,1,1.0,Funds SA,UNPRI,General,,,,,,,,,,,,,,
Pfizer Pension Fund,,305,,,,,,,,,USA,30.0,0,0.4473230873245324,BP Pension Fund,,,,,,,,,,,,,,,,
QBE Insurance Group,QBE-Annual-Report-2023,306,False,True,False,True,True,True,False,English,Australia,30.0,0,1.0000000000000002,QBE Insurance Group,Principles for Sustainable Insurance,General,Investor Group on Climate Change,,UNPRI,General,,,,,,,,,,
Procter & Gamble Pension Fund,,307,,,,,,,,,USA,30.0,0,0.3495660398131142,BP Pension Fund,,,,,,,,,,,,,,,,
Togethr Super (Equip & Catholic Super),Togethr-Super-Annual-Report-2023,308,True,True,False,False,True,False,False,English,Australia,30.0,0,0.7126050284696882,Catholic Super,,,,,,,,,,,,,,,,
AT&T Retirement Fund,,309,,,,,,,,,USA,30.0,0,0.8241159671071117,LA Retirement Fund,,,,,,,,,,,,,,,,
Government Service Insurance System,GSIS-Annual-Report-2023,310,True,False,True,False,True,False,True,English,Philippines,29.0,0,0.5612955494096958,Government of France,,,,,,,,,,,,,,,,
State Universities Retirement System of Illinois,SURSI-Annual-Comprehensive-Report-2023,311,False,True,False,False,False,False,False,English,USA,29.0,1,0.4900113179696988,Illinois State Treasurer,,,,,,,,,,,,,,,,
Montana Board of Investment,MBI-Annual-Report-2023,312,False,False,False,False,False,False,True,English,USA,29.0,0,0.5803265149679835,Montana Capital Partners AG,,,,,,,,,,,,,,,,
Accident Compensation Corporation,ACC-Annual-Report-2023,313,False,True,False,True,True,True,False,English,New Zealand,29.0,0,1.0000000000000002,Accident Compensation Corporation,UNPRI,General,Paris Aligned Asset Owners,Climate Change,,,,,,,,,,,,
Malaysia Khazanah Nasional,Khazana-Annual-Review-2023,314,True,True,True,False,True,True,True,English,Malaysia,29.0,0,0.7093285313627317,Khazanah Nasional Berhad,,,,,,,,,,,,,,,,
DUMAC (Duke University Investment),Duke-Endowment-2023,315,False,False,False,False,False,False,False,English,USA,28.0,1,0.4307243012708436,TED University,,,,,,,,,,,,,,,,
United Airlines Holdings,UAH-Annual-Report-2023,316,True,False,True,True,True,False,False,English,USA,28.0,0,0.44058610019135636,United Benefits Holding,,,,,,,,,,,,,,,,
B.C. Teachers Pension Plan,BCTPP-Annual-Report-2023,317,False,True,False,True,True,False,False,English,Canada,28.0,0,0.7663751272406553,Ontario Teachers' Pension Plan,,,,,,,,,,,,,,,,
Walt Disney Pension,,318,,,,,,,,,USA,28.0,0,0.318164678628182,AP Pension,,,,,,,,,,,,,,,,
Kentycky Teachers' Retirement System,TRSSK-Annual-Comprehensive-Report-2023,319,False,True,False,False,False,False,False,English,USA,27.0,0,0.6025799935450571,New York State Teachers' Retirement System,,,,,,,,,,,,,,,,
Super SA,Super-SA-Annual-Report-2023,320,False,True,False,False,False,False,False,English,Australia,27.0,0,0.7390913960332112,Rei Super,,,,,,,,,,,,,,,,
Government Employees Super Board,GESB-Annual-Report-2023,321,True,True,False,False,False,False,False,English,Australia,27.0,0,0.5749723834685991,Local Government Super,,,,,,,,,,,,,,,,
Teachers' Retirement System of Louisiana,TRSL-Annual-Comprehensive-Report-2023,322,True,False,False,False,False,False,False,English,USA,27.0,0,0.6073169578268545,Teachers' Retirement System of the City of New York,,,,,,,,,,,,,,,,
West Virginia Public Employees' Retirement System,WVPERS-Annual-Comprehensive-Report-2023,323,False,False,False,False,False,False,False,English,USA,26.0,1,0.6640776922570486,California Public Employees' Retirement System,,,,,,,,,,,,,,,,
SUNY,,324,,,,,,,,,USA,26.0,0,0.20559872555173486,Sunny Asset Management,,,,,,,,,,,,,,,,
Wespath Benefits,Wespath-Benefits-Annual-Report-2023,325,True,True,True,False,True,False,False,English,USA,26.0,0,0.8914163715068149,Wespath Benefits and Investments,,,,,,,,,,,,,,,,
Kansas Public Employees Retirement System,KPERS-Annual-Comprehensive-Report-2023,326,False,False,False,False,False,False,False,English,USA,26.0,1,0.7064504046700102,Maine Public Employee Retirement System,,,,,,,,,,,,,,,,
Public Service Pension Fund of Taiwan,PSPFT-Annual-Report-2023,327,True,True,False,False,False,False,False,English,Taiwan,25.0,0,0.5526826586962515,Bank of Taiwan,,,,,,,,,,,,,,,,
State Super (SAS Trustee),State-Super-Annual-Report-2023,328,False,True,False,True,True,False,False,English,Australia,25.0,0,0.7607614550309605,SAS Trustee Corporation,,,,,,,,,,,,,,,,
Porvenir,,329,,,,,,,,,Colombia,25.0,0,1.0000000000000002,Porvenir,UNPRI,General,,,,,,,,,,,,,,
PepsiCo Pension,,330,,,,,,,,,USA,25.0,0,0.37070216448871846,AP Pension,,,,,,,,,,,,,,,,
Massachusetts institute of Technology Investment Management Company (MITIMCo),MITTreasurersReport2023,331,False,False,False,False,False,False,False,English,USA,25.0,1,0.46549652005198927,Massachusetts Financial Services,,,,,,,,,,,,,,,,
National Railroad Retirement NRRIT,NRRIT-Annual-Management-Report-2023,332,False,False,False,False,False,False,False,English,USA,24.0,1,0.5200886699870148,Railroad Ranch Capital Management,,,,,,,,,,,,,,,,
Emergency Services & State Super (ESSSuper),ESSSuper-Annual-Report-2023,333,True,True,False,True,True,False,False,English,Australia,24.0,0,0.6450841686718443,ESSSuper,,,,,,,,,,,,,,,,
PG&E,PGE-Annual-Report-2023,334,True,True,True,False,False,False,False,English,USA,24.0,0,0.2084788765544784,APG,,,,,,,,,,,,,,,,
Public Employee Retirement System of Idaho (PERSI),PERSI-Annual-Report-2023,335,False,True,False,False,False,True,False,English,USA,24.0,0,0.6990179428975315,Maine Public Employee Retirement System,,,,,,,,,,,,,,,,
Employees' Retirement System of Georgia,ERSG-Annual-Comprehensive-Report-2023,336,False,False,False,False,False,False,False,English,USA,24.0,1,0.6522615849538127,New York City Employees Retirement System,,,,,,,,,,,,,,,,
Los Angeles City Employees Retirement LACERS,LACERS-Annual-Comprehensive-Report-2023,337,False,True,False,False,False,False,False,English,USA,23.0,0,0.9383796121269811,Los Angeles City Employees' Retirement System (LACERS),UNPRI,General,,,,,,,,,,,,,,
Petros Pension,Petros-Pension-Annual-Report-2023,338,True,True,False,False,False,False,False,English,Brazil,23.0,0,0.4276041317633924,AP Pension,,,,,,,,,,,,,,,,
Employees' Retirement System of State of Hawaii,ERSH-Annual-Comprehensive-Report-2023,339,False,False,False,False,False,False,False,English,USA,23.0,1,0.9811870263938337,Employees Retirement System of the State of Hawaii,CA100+,Climate change,UNPRI,General,,,,,,,,,,,,
Oklahoma Teachers Retirement System,OTRS-Annual-Comprehensive-Report-2022,340,False,True,False,False,False,False,False,English,USA,23.0,0,0.596197485682014,New York State Teachers' Retirement System,,,,,,,,,,,,,,,,
Ontario Pension Board,OPB-Annual-Report-2023,341,False,True,False,False,False,False,False,English,Canada,23.0,0,1.0,Ontario Pension Board,UNPRI,General,,,,,,,,,,,,,,
Hydro-Quebec,Hydro-Quebec-Annual-Report-2023,342,True,False,False,False,False,False,False,English,Canada,23.0,0,0.6819276987673327,Régime de retraite d'Hydro-Québec,,,,,,,,,,,,,,,,
Air Canada,Air-Canada-Annual-Report-2023,343,True,True,False,True,True,True,True,English,Canada,23.0,0,0.5460997175313949,Trans-Canada Capital Inc.,,,,,,,,,,,,,,,,
Prudential Financial,Preduntial-Financial-Annual-Report-2023,344,False,False,False,False,False,False,False,English,USA,23.0,1,0.8400837374450342,Prudential,,,,,,,,,,,,,,,,
Canada Post Pension,Canada-Post-Pension-Annual-Report-2023,345,True,True,True,True,True,False,False,English,Canada,23.0,0,0.8964280976884937,Canada Post Corporation Pension Plan,,,,,,,,,,,,,,,,
Arkansas Teacher Retirement System,ATRS-Annual-Comprehensive-Report-2023,346,False,True,False,False,False,False,False,English,USA,22.0,0,0.5774068635704039,Teacher’s Retirement System of the City of New York,,,,,,,,,,,,,,,,
Orange County Employees Retirement System,OCERS-Annual-Comprehensive-Report-2023,347,False,False,False,False,False,False,False,English,USA,22.0,1,0.6730699247613892,Montgomery County Employees' Retirement System,,,,,,,,,,,,,,,,
Truist Financial,Truist-Financial-Annual-Report-2023,348,False,True,False,False,False,True,False,English,USA,22.0,0,1.0,Truist Financial Corporation,PCAF,Climate Change,,,,,,,,,,,,,,
Ohio Bureau of Workers Compensation,Ohio-Bureau-Workers-Compensation-Annual-Report-2023,349,False,True,False,False,False,False,False,English,USA,22.0,1,0.438363535023372,Accident Compensation Corporation,,,,,,,,,,,,,,,,
Johnson & Johnson Pension Plan,,350,,,,,,,,,USA,22.0,0,0.9429019781827048,Johnson & Johnson,Global Impact Investment Network,,,,,,,,,,,,,,,
University of Pennsylvania Investment Office,,351,,,,,,,,,USA,22.0,0,0.5208260107401621,Tufts University Investment Office,,,,,,,,,,,,,,,,
Quebec Construction Industry,Quebec-Construction-Annual-Report-2023,352,False,True,False,False,False,False,False,French,Canada,22.0,0,0.5013088348575749,Bank of Industry Limited,,,,,,,,,,,,,,,,
Howard Hughes Medical Institute,,353,,,,,,,,,USA,21.0,0,0.37517171242517544,CFA Institute,,,,,,,,,,,,,,,,
Los Angeles Water and Power Employees Retirement Plan,RPO-Annual-Summary-Report-2023,354,False,True,False,False,False,False,False,English,USA,21.0,0,0.638372116917912,Los Angeles County Employees Retirement Association,,,,,,,,,,,,,,,,
Bell Canada,,355,,,,,,,,,Canada,21.0,0,0.5164960545040123,Trans-Canada Capital Inc.,,,,,,,,,,,,,,,,
South Dokato Investment Council,SDIC-Annual-Report-2023,356,False,True,False,False,False,False,False,English,USA,20.0,1,0.45205145442459777,South West Catchments Council,,,,,,,,,,,,,,,,
Merck & Co Inc Pension Fund,,357,,,,,,,,,USA,20.0,0,0.5171846967910212,BP Pension Fund,,,,,,,,,,,,,,,,
The Korea Teachers Pension,,358,,,,,,,,,South Korea,20.0,0,0.5424076822667565,Ontario Teachers' Pension Plan,,,,,,,,,,,,,,,,
Brighter Super,Brighter-Super-Annual-Report-2023_24,359,False,True,False,False,False,False,False,English,Australia,20.0,0,0.5616683493122319,Brightest,,,,,,,,,,,,,,,,
Spirit Super (MTAA & Tasplan),Spirit-Super-Annual-Report-2023,360,True,True,True,False,True,True,False,English,Australia,20.0,0,0.6405419014705978,Spirit Super,,,,,,,,,,,,,,,,
North Dakota State Investment Board,NDRIO-Annual-Report-2023,361,False,False,False,False,False,False,False,English,USA,20.0,1,0.47594254731251456,Minnesota State Board of Investment,,,,,,,,,,,,,,,,
Maine Public Employees Retirement System,MPERS-Annual-Comprehensive-Report-2023,362,False,False,False,False,False,False,False,English,USA,20.0,1,0.9398011455107778,Maine Public Employee Retirement System,Ceres Investor Network on Climate Risk and Sustainability,General,,,,,,,,,,,,,,
Dow Chemical Pension,Dow-Chemical-Annual-Report-2023,363,True,True,False,True,True,False,True,English,USA,20.0,0,0.6067645621583745,POSCO CHEMICAL,,,,,,,,,,,,,,,,
University of Michigan Investment Office,University-Michigan-Endowment-2023,364,True,False,True,True,True,True,False,English,USA,19.0,0,0.5810817750036623,Tufts University Investment Office,,,,,,,,,,,,,,,,
School Employees Retirement System of Ohio,SERSO-Annual-Comprehensive-Report-2023,365,False,True,False,False,False,False,False,English,USA,19.0,0,0.6204894537420561,New York City Employees Retirement System,,,,,,,,,,,,,,,,
University of Notre Dame Endownment,,366,,,,,,,,,USA,19.0,0,0.3811595856456904,University of Guelph Endowment,,,,,,,,,,,,,,,,
Ohio Police and Fire Pension Fund,OPF-Annual-Comprehensive-Report-2023,367,False,True,False,False,False,False,False,English,USA,19.0,0,0.5434624888423075,Fire and Police Pension Association of Colorado,,,,,,,,,,,,,,,,
FCA US,FCA-US-Annual-Report-2023,368,False,False,False,False,False,False,False,English,USA,18.0,1,0.26214992014153504,CP Capital US,,,,,,,,,,,,,,,,
The Federal Economists Foundation,FUNCEF-Annual-Report-2023,369,True,True,False,False,False,False,False,Portuguese,Brazil,18.0,0,0.5100165750287522,Caixa Econômica Federal,,,,,,,,,,,,,,,,
OPSEU pension Trust,OPSEU-Annual-Funded-Status-Report-2023,370,True,True,False,True,True,False,False,English,Canada,18.0,0,0.47609030266623736,BBC Pension Trust,,,,,,,,,,,,,,,,
San Diego County Employees Retirement Association,SDCERA-Annual-Comprehensive-Report-2023,371,False,False,False,False,False,False,False,English,USA,18.0,1,0.7177970220003674,Los Angeles County Employees Retirement Association,,,,,,,,,,,,,,,,
National Electric Benefit Fund,,372,,,,,,,,,USA,18.0,0,0.4834043890949882,green benefit AG,,,,,,,,,,,,,,,,
Bank of America Pension Fund,,373,,,,,,,,,USA,18.0,0,0.8160486491292394,Bank of America,,,,,,,,,,,,,,,,
Church Pension Fund US,Church-Pension-Fund-Annual-Report-2023,374,True,True,False,False,False,False,False,English,USA,18.0,0,0.9383514658378072,Church Pension Fund,UNPRI,General,,,,,,,,,,,,,,
Public Employees Retirement Association of New Mexico,PERA-Annual-Comprehensive-Report-2023,375,False,False,False,False,False,False,False,English,USA,18.0,1,0.5685086427976208,Los Angeles County Employees Retirement Association,,,,,,,,,,,,,,,,
New Mexico Educational Retirement Board,,376,,,,,,,,,USA,18.0,0,0.6210160490627401,New York City Board of Education Retirement System (BERS),,,,,,,,,,,,,,,,
Alberta Teachers' Retirement Fund,ATRF-Annual-Report-2023,377,True,True,False,False,False,False,False,English,Canada,17.0,0,0.5529589438809903,Alberta Investment Management Corporation,,,,,,,,,,,,,,,,
General Dynamics Pension Fund,,378,,,,,,,,,USA,16.0,0,0.7127975346581125,Capital Dynamics,,,,,,,,,,,,,,,,
Louisiana State Employees' Retirement System,LASERS-Annual-Comprehensive-Report-2023,379,False,True,False,False,False,False,False,English,USA,16.0,0,0.5982445970038378,Employees Retirement System of the State of Hawaii,,,,,,,,,,,,,,,,
Eli Lilly,,380,,,,,,,,,USA,16.0,0,0.1689507895058847,Coeli,,,,,,,,,,,,,,,,
Delta Airlines Pension Fund,Delta-Report-Financial-Statement-2023,381,False,True,False,False,False,True,False,English,USA,16.0,0,0.4226535920846958,Impact Delta,,,,,,,,,,,,,,,,
International Paper Pension,,382,,,,,,,,,USA,16.0,0,0.6124302651545634,Capital International Limited,,,,,,,,,,,,,,,,
Consolidated Edison,Consolidated-Edison-Annual-Report-2023,383,True,False,True,False,True,False,True,English,USA,15.0,0,0.2407832379369888,Banco Solidario,,,,,,,,,,,,,,,,
San Bernandino County Employees Retirement Association,SBCERA-Annual-Comprehensive-Report-2023,384,False,False,False,False,False,False,False,English,USA,15.0,1,0.6611267620480323,Los Angeles County Employees Retirement Association,,,,,,,,,,,,,,,,
Columbia Investment Management Company,,385,,,,,,,,,USA,15.0,0,0.8252991866228683,"Columbia Management Investment Advisers, LLC",,,,,,,,,,,,,,,,
Southern Co,Southern-Co-Annual-Report-2023,386,False,False,True,True,False,False,True,English,USA,15.0,0,0.8465404891134236,Southern Asset Management,,,,,,,,,,,,,,,,
Government Pension Fund Global,GPFT-Annual-Risk-Report-2023,387,False,False,False,False,False,False,False,Thai,Thailand,15.0,1,0.7949791671049817,Government Pension Investment Fund,,,,,,,,,,,,,,,,
University of Virginia Investment Management Company,UVIMCO-Annual-Report-2023,388,True,False,True,True,True,True,True,English,USA,14.0,1,1.0000000000000002,University of Virginia Investment Management Company,Ceres Investor Network on Climate Risk and Sustainability,General,,,,,,,,,,,,,,
3M,3M-Annual-Report-2023,389,True,False,False,False,False,False,False,English,USA,14.0,0,0.0,123 Investment Managers,,,,,,,,,,,,,,,,
Northwestern University Investment Office,Northwestern-Endowment-2023,390,False,True,False,False,False,False,False,English,USA,14.0,1,0.8575395769244887,Northwestern University,,,,,,,,,,,,,,,,
Public Service Pension Plan Canada,PSPPC-Annual-Report-2023,391,False,True,False,False,False,False,False,English,Canada,13.0,0,0.605611747694852,Canada Post Corporation Pension Plan,,,,,,,,,,,,,,,,
Sacramento County Employees Retirement System,SCERS-Annual-Comprehensive-Report-2023,392,False,False,False,False,False,False,False,English,USA,13.0,1,0.6046259226396635,Montgomery County Employees' Retirement System,,,,,,,,,,,,,,,,
Oslo Pensjonsforsikring OPF,OPF-Annual-Report-2023,393,True,True,False,True,True,True,False,Norwegian,Norway,13.0,1,0.48359155471875526,LB Forsikring,,,,,,,,,,,,,,,,
Banco Santander UK,Santander-UK-Annual-Report-2023,394,True,True,False,True,True,False,False,English,UK,14.0,0,0.959026616787642,Banco Santander,TNFD Forum,Climate Change,PCAF,Climate Change,,,,,,,,,,,,
Kapan Tjanstepensionsforening (Government Employees Pension Fund),Kapan-Annual-Report-2023,395,False,True,False,False,True,False,False,English,Sweden,14.0,0,0.7476909645132553,SPK Pension Tjänstepensionsförening,,,,,,,,,,,,,,,,
APK Aargauische Pensionskasse,APK-Annual-Report-2023,396,False,True,False,False,True,False,False,German,Switzerland,14.0,0,0.9314356279767589,Aargauische Pensionskasse,CA100+,Climate change,,,,,,,,,,,,,,
EPPF,EPPF_2024_IAR_-_Finalised_-_Single_page_view,397,True,True,True,True,True,False,False,English,South Africa,,0,0.0847515927940543,IPF Management SA,,,,,,,,,,,,,,,,
Lífeyrissjóður verzlunarmanna,english-arsreikningur_2023_150324_net_intera,398,True,True,False,False,False,False,False,English,Iceland,,0,0.7747706775558432,Lifeyrissjodur Verzlunarmanna (Pension Fund of Commerce),,,,,,,,,,,,,,,,
Washington University Investment Management Company,CRTV-5969-Endowment-Annual-Report-23-24-DIGITAL,399,False,True,False,False,False,False,False,English,USA,,0,0.6708805993704477,Washington State Investment Board,,,,,,,,,,,,,,,,
Alameda County Employees' Retirement Association,06.26_acfr_2024_05,400,False,True,False,False,False,False,False,English,USA,,0,0.7161925911442942,Los Angeles County Employees Retirement Association,,,,,,,,,,,,,,,,
