company,annual_report,400_owners_index,sustainable_development_present,responsible_investment_esg_present,green_growth_present,net_zero_present,decarbonization_present,transition_finance_present,conservation_finance_present,lang_report,country,assets,validation
Norges Bank Investment Management,Norges-Bank-Annual-Report-2023,1,TRUE,TRUE,FALSE,TRUE,TRUE,FALSE,FALSE,English,Norway,1238,0
ABP/APG,ABP-Annual-Report-2023,2,FALSE,TRUE,FALSE,TRUE,FALSE,FALSE,FALSE,Dutch,Netherlands,584,0
PGGM/PFZW,PGGM-Annual-Report-2023,3,TRUE,TRUE,FALSE,TRUE,TRUE,FALSE,FALSE,English,Netherlands,257,1
Turkey Wealth Fund,TWF-Annual-Report-2022,4,FALSE,FALSE,FALSE,FALSE,FALSE,FALSE,FALSE,English,Turkey,171,1
Caisse des Dépôts,Caisse-Annual-Report-2023,5,TRUE,TRUE,TRUE,TRUE,TRUE,TRUE,FALSE,English,France,166,0
MN,MN-Annual-Report-2023,6,TRUE,TRUE,TRUE,TRUE,TRUE,FALSE,FALSE,Dutch,Netherlands,152,0
Kommunal Landspensjonskasse (KLP),KLP-Annual-Report-2023,7,TRUE,TRUE,TRUE,TRUE,TRUE,FALSE,FALSE,English,Norway,135,0
Bayerische Versorgungskammer (BVK),BVK-Annual-Report-2023,8,TRUE,TRUE,TRUE,TRUE,TRUE,FALSE,FALSE,English,Germany,120,0
Covéa,Covea-Annual-Report-2022,9,TRUE,TRUE,TRUE,FALSE,TRUE,TRUE,FALSE,English,France,118,0
Alecta,Alecta-annual-and-sustainability-report-2023,10,FALSE,TRUE,FALSE,FALSE,FALSE,FALSE,FALSE,English,Sweden,113,0
Swedish Fund Selection Agency,FTN-Procurement-Report-2024,11,FALSE,TRUE,FALSE,FALSE,FALSE,FALSE,FALSE,English,Sweden,108,0
Shell Asset Management Company,NA,12,,,,,,,,NA,Netherlands,104,0
ATP,ATP-Annual-Report-2023,13,TRUE,TRUE,TRUE,FALSE,TRUE,TRUE,TRUE,English,Denmark,102,0
Universities Superannuation Scheme,USS-Report-and-Accounts-2023,14,TRUE,TRUE,FALSE,TRUE,FALSE,FALSE,FALSE,English,UK,95,1
AP Fonden 7,ap7-annual-and-sustainability-report-2023,15,TRUE,TRUE,FALSE,TRUE,TRUE,TRUE,FALSE,English,Sweden,88,0
European Investment Bank,NA,16,,,,,,,,NA,Luxembourg,87,0
PFA Pension,NA,17,,,,,,,,NA,Denmark,87,0
PMT,243399-pmt-jv2023-v234-pdfa,18,TRUE,TRUE,FALSE,FALSE,FALSE,FALSE,FALSE,Dutch,Netherlands,85,0
AGIRC ARRCO,AGIRC-ARRCO-Rapport-Gestion-2023-pages-simples,19,FALSE,TRUE,FALSE,FALSE,FALSE,TRUE,FALSE,French,France,76,0
Border to Coast Pensions Partnership,Border-to-Coast-Annual-Report-22_23,20,TRUE,TRUE,FALSE,TRUE,TRUE,TRUE,TRUE,English,UK,76,0
Nordea Life & Pension,annual-report-nordea-bank-abp-2023,21,FALSE,TRUE,FALSE,FALSE,FALSE,FALSE,FALSE,English,Finland,75,0
Ilmarinen,annual_and_sustainability_report_2023,22,TRUE,TRUE,FALSE,TRUE,TRUE,FALSE,FALSE,English,Finland,74,1
AMF Pension,amf_annual_report_and_sustainability_report_2023,23,TRUE,TRUE,FALSE,TRUE,TRUE,TRUE,FALSE,English,Sweden,71,0
bpfBouw,bpfBouw-Annual-Report-2023,24,TRUE,TRUE,FALSE,FALSE,TRUE,FALSE,FALSE,Dutch,Netherlands,70,0
KEVA,Keva-Annual-Report-2023,25,FALSE,TRUE,FALSE,FALSE,FALSE,FALSE,FALSE,English,Finland,69,0
PensionDanmark,PensionDanmark-Annual-Report-2023,26,TRUE,TRUE,FALSE,TRUE,TRUE,FALSE,FALSE,English,Denmark,69,0
Swiss Federal Pension Fund PUBLICA,Publica-Annual-Report-2023,27,TRUE,TRUE,FALSE,FALSE,FALSE,FALSE,FALSE,English,Switzerland,68,0
AP Fonden 3,AP-Fonden-3-Annual-Report-2023,28,FALSE,TRUE,FALSE,FALSE,TRUE,FALSE,TRUE,English,Sweden,67,0
Danica Pension,Danica-Pension-Annual-Report-2023,29,TRUE,TRUE,FALSE,FALSE,TRUE,TRUE,FALSE,English,Denmark,67,0
Länsförsäkringar,Lansforsakringar-Alliance-Annual-Report-2023,30,TRUE,TRUE,FALSE,FALSE,TRUE,TRUE,FALSE,English,Sweden,66,0
Railpen Investments ,Railpen-Annual-Report-2023,31,TRUE,TRUE,FALSE,TRUE,TRUE,TRUE,FALSE,English,UK,65,0
AP Fonden 1,AP-Fonden-1-Annual-Report-2023,32,TRUE,TRUE,FALSE,FALSE,TRUE,FALSE,FALSE,English,Sweden,64,0
Fonds de compensation AVS,Compenswiss-Annual-Report-2023,33,FALSE,TRUE,FALSE,FALSE,TRUE,TRUE,FALSE,French,Switzerland,64,0
Electricity Supply Pension Scheme,Electricty-Supply-Pension-Annual-Report-2023,34,FALSE,TRUE,FALSE,FALSE,FALSE,FALSE,FALSE,English,UK,63,0
ERAFP,ERAPF-Annual-Report-2022,35,TRUE,TRUE,FALSE,TRUE,TRUE,TRUE,FALSE,English,France,63,1
Suva,Suva-Annual-Report-2023,36,TRUE,TRUE,TRUE,TRUE,TRUE,TRUE,FALSE,English,Switzerland,63,0
Varma,Varma-Annual-Report-2023,37,FALSE,FALSE,FALSE,TRUE,FALSE,TRUE,FALSE,English,Finland,63,0
Versorgungsanstalt des Bundes und der Länder (VBL),VBL-Annual-Report-2022,38,TRUE,TRUE,FALSE,FALSE,FALSE,FALSE,FALSE,German,Germany,63,0
Sampension,Sampension-2023,39,TRUE,TRUE,FALSE,TRUE,TRUE,TRUE,FALSE,English,Denmark,60,0
PKA Pension Fund,PKA-2023,40,FALSE,TRUE,FALSE,FALSE,FALSE,FALSE,FALSE,English,Denmark,59,0
AP Fonden 2,AP-Fonden-2-2023,41,TRUE,TRUE,FALSE,TRUE,TRUE,FALSE,TRUE,English,Sweden,58,1
PME,PME-2023-NL,42,TRUE,TRUE,FALSE,FALSE,TRUE,FALSE,FALSE,Dutch,Netherlands,55,0
Pension Insurance Corporation,Pension-Insurance-Corporation-2023,43,TRUE,TRUE,FALSE,TRUE,FALSE,TRUE,FALSE,English,UK,53,0
Northern LGPS,Northern-LGPS-2023,44,TRUE,TRUE,FALSE,TRUE,TRUE,FALSE,FALSE,English,UK,51,0
Folksam,Folksam-2023,45,TRUE,TRUE,TRUE,FALSE,TRUE,TRUE,TRUE,English,Sweden,51,0
Wellcome Trust,Wellcome-Trust-2023,46,TRUE,TRUE,TRUE,TRUE,TRUE,FALSE,FALSE,English,UK,48,0
AP Fonden 4,AP-Fonden-4,47,TRUE,TRUE,TRUE,TRUE,TRUE,FALSE,TRUE,English,Sweden,47,0
BT Pension Scheme,BTPS-2023,48,TRUE,TRUE,FALSE,TRUE,FALSE,FALSE,FALSE,English,UK,47,0
Natwest Group Pension Scheme,NetWest-2023,49,FALSE,TRUE,FALSE,FALSE,TRUE,TRUE,TRUE,English,UK,46,0
Brunel Pension Partnership,Brunel-2023,50,TRUE,TRUE,TRUE,TRUE,TRUE,FALSE,TRUE,English,UK,44,0
BP Pension UK,NA,51,,,,,,,,NA,UK,43,0
Royal Bank of Scotland Group,RBS-Annual-Report-2023,52,TRUE,TRUE,FALSE,TRUE,TRUE,TRUE,FALSE,English,UK,43,0
BVK Personalvorsorge des Kantons Zürich,BVK-Zürich-Annual-Report-2023,53,FALSE,FALSE,FALSE,FALSE,FALSE,FALSE,FALSE,German,Switzerland,42,1
The Pension Protection Fund,PPF-Annual-Report-2023,54,TRUE,TRUE,FALSE,TRUE,TRUE,FALSE,FALSE,English,UK,41,0
HSBC Bank Pension Trust UK,HSBC-Annual-Report-2023,55,TRUE,TRUE,FALSE,TRUE,TRUE,TRUE,FALSE,English,UK,41,0
Pensioenfonds Detailhandel,Pensioenfonds-Detailhandel-Annual-Report-2023,56,TRUE,TRUE,TRUE,FALSE,TRUE,FALSE,FALSE,Dutch,Netherlands,37,1
BVV Pension Fund,BVV-Annual-Report-2023,57,FALSE,TRUE,FALSE,FALSE,FALSE,FALSE,FALSE,German,Germany,37,0
National Employment Savings Trust (NEST),NEST-Annual-Report-2023,58,TRUE,TRUE,FALSE,FALSE,TRUE,FALSE,FALSE,English,UK,37,1
Folketrygdfondet - Government Pension Fund Norway Domestic,NA,59,,,,,,,,NA,Norway,37,0
Greater Manchester Pension Fund,GMPF-Annual-Report-2023,60,TRUE,TRUE,FALSE,TRUE,TRUE,TRUE,FALSE,English,UK,36,0
Velliv,Velliv-Annual-Report-2023,61,TRUE,TRUE,TRUE,FALSE,TRUE,TRUE,FALSE,English,Denmark,36,0
Strathclyde Pension Funds,Strathclyde-Annual-Report-2023,62,TRUE,TRUE,FALSE,TRUE,TRUE,TRUE,FALSE,English,UK,35,0
Industriens Pension Fund,Industriens-Annual-Report-2023,63,FALSE,TRUE,FALSE,FALSE,TRUE,FALSE,FALSE,English,Denmark,35,0
Barclays Bank UK Retirement Fund,Barclays-Pension-Annual-Report-2023,64,FALSE,TRUE,FALSE,TRUE,TRUE,TRUE,TRUE,English,UK,34,0
UBS Pension Fund,UBP-Annual-Report-2023,65,TRUE,TRUE,FALSE,FALSE,TRUE,TRUE,FALSE,English,Switzerland,34,0
London CIV - Collective Investment Vehicle,LCIV-Annual-Report-2023,66,TRUE,TRUE,TRUE,TRUE,TRUE,FALSE,TRUE,English,UK,34,0
Local Government Pension Scheme (LGPS Central),LGPS-Annual-Report-2023,67,FALSE,TRUE,FALSE,FALSE,TRUE,FALSE,FALSE,English,UK,33,0
Retraites Populaires,Retraites-Annual-Report-2023,68,TRUE,TRUE,FALSE,FALSE,TRUE,TRUE,FALSE,French,Switzerland,33,0
PGB Pension Fund/Pensioenfonds PGB,PGB-Annual-Report-2023,69,TRUE,TRUE,FALSE,FALSE,FALSE,FALSE,FALSE,Dutch,Netherlands,33,0
Migros-Pensionskasse,Migros-Pensionskasse-Annual-Report-2023,70,FALSE,FALSE,FALSE,FALSE,FALSE,FALSE,FALSE,German,Switzerland,32,1
Elo Mutual Pension Insurance Company,NA,71,,,,,,,,NA,Finland,31,0
Pensioenfonds Vervoer,Pensioenfonds-Vervoer-Annual-Report-2023,72,FALSE,TRUE,FALSE,FALSE,TRUE,TRUE,FALSE,Dutch,Netherlands,31,0
Local Pensions Partnership Investments (LPPI),LPPI-Annual-Report-2023,73,TRUE,TRUE,TRUE,TRUE,FALSE,FALSE,FALSE,English,UK,31,0
BAE Systems Pension Fund,NA,74,,,,,,,,NA,UK,29,0
Siemens,Siemens-Annual-Report-2023,75,FALSE,FALSE,FALSE,FALSE,FALSE,FALSE,FALSE,English,Germany,29,1
ING Pensioenfonds,ING-Annual-Report-2023,76,FALSE,TRUE,FALSE,FALSE,FALSE,FALSE,FALSE,Dutch,Netherlands,29,0
ABN AMRO Pensioenfonds,ABN-Annual-Report-2023,77,FALSE,FALSE,FALSE,FALSE,FALSE,FALSE,FALSE,Dutch,Netherlands,28,1
Asga Pensionskasse,ASGA-Annual-Report-2023,78,FALSE,TRUE,FALSE,FALSE,TRUE,FALSE,FALSE,German,Switzerland,28,0
Schweizer Mobiliar Asset Management AG,NA,79,,,,,,,,NA,Switzerland,28,0
British Airways Pension Investment Management Ltd (BAPIML),British-Airways-Annual-Report-2023,80,TRUE,FALSE,FALSE,FALSE,FALSE,FALSE,FALSE,English,UK,27,0
Bundes Pensionskasse,Bundes-Pensionskasse-Annual-Report-2023,81,FALSE,TRUE,FALSE,FALSE,TRUE,FALSE,FALSE,German,Austria,27,0
Kenfo (German Nuclear Waste Management Fund),KENFO-Annual-Report-2024,82,FALSE,TRUE,FALSE,FALSE,TRUE,FALSE,FALSE,German,Germany,27,0
Rabobank Pensioenfonds,Rabobank-Annual-Report-2023,83,FALSE,TRUE,FALSE,FALSE,FALSE,FALSE,FALSE,Dutch,Netherlands,26,0
West Midlands Metropolitan,WMM-Annual-Report-2023,84,TRUE,TRUE,TRUE,TRUE,TRUE,TRUE,TRUE,English,UK,26,0
AP Pension,AP-Annual-Report-2023,85,TRUE,TRUE,FALSE,TRUE,TRUE,TRUE,FALSE,Danish,Denmark,25,0
FEFSS,FEFFS-Annual-Report-2023,86,FALSE,FALSE,FALSE,FALSE,FALSE,FALSE,FALSE,Portuguese,Portugal,25,1
KPA Pension (KPA Pensionsförsäkring),KPA-Annual-Report-2023,87,TRUE,TRUE,FALSE,TRUE,TRUE,FALSE,FALSE,Swedish,Sweden,25,0
Pension Fund Rail & Public Transport,Pension-Fund-Rail-Public-Transport-Annual-Report-2023,88,TRUE,TRUE,TRUE,TRUE,TRUE,FALSE,FALSE,Dutch,Netherlands,25,0
State Pension Fund of Finland (VER),NA,89,,,,,,,,NA,Finland,24,0
Fonds de Compensation de la Sécurité Sociale,Fonds-De-Compensation-Annual-Report-2023,90,FALSE,TRUE,FALSE,FALSE,FALSE,FALSE,FALSE,English,Luxembourg,24,0
Local Pensions Partnership,LPP-Annual-Report-2023,91,TRUE,TRUE,FALSE,TRUE,TRUE,FALSE,FALSE,English,UK,24,0
Fonds de réserve pour les retraites (FRR),FRR-Annual-Report-2023,92,TRUE,TRUE,FALSE,TRUE,TRUE,TRUE,FALSE,English,France,24,0
Caisse de prévoyance de l'Etat de Genève (CPEG),CPEG-Annual-Report-2023,93,FALSE,TRUE,FALSE,FALSE,TRUE,FALSE,FALSE,French,Switzerland,24,0
Akademiker Pension,Akademiker-Pension-Annual-Report-2023,94,FALSE,TRUE,TRUE,FALSE,FALSE,FALSE,FALSE,Danish,Denmark,23,0
Pensionskasse of the city of Zurich (PKZH),PKZH-Annual-Report-2023,95,TRUE,TRUE,FALSE,FALSE,FALSE,FALSE,FALSE,German,Switzerland,23,0
BPL Pensioen,BBL-Annual-Report-2023,96,FALSE,TRUE,FALSE,FALSE,TRUE,TRUE,FALSE,Dutch,Netherlands,23,0
West Yorkshire Pension Fund,WYPF-Annual-Report-2023,97,FALSE,TRUE,FALSE,TRUE,TRUE,FALSE,FALSE,English,UK,22,0
Lærernes Pension,Laerernes-Pension-Annual-Report-2023,98,TRUE,TRUE,FALSE,FALSE,FALSE,FALSE,FALSE,Danish,Denmark,22,0
P+ (Pension Fund for Academics),P-Plus-Annual-Report-2023,99,FALSE,TRUE,FALSE,FALSE,FALSE,FALSE,FALSE,Danish,Denmark,21,0
ENPAM,ENPAM-Annual-Report-2023,100,FALSE,TRUE,FALSE,FALSE,FALSE,FALSE,FALSE,Italian,Italy,21,0
Shell UK,Shell-UK-Annual-Report-2023,101,FALSE,FALSE,FALSE,FALSE,FALSE,FALSE,FALSE,English,UK,20,1
Philips Pensioenfonds,Philips-Pensioenfonds-Annual-Report-2023,102,TRUE,TRUE,FALSE,FALSE,TRUE,FALSE,FALSE,Dutch,Netherlands,20,0
Credit Suisse Pensionskasse,Credit-Suisse-Pensionskasse-Annual-Report-2023,103,TRUE,TRUE,FALSE,FALSE,FALSE,TRUE,FALSE,English,Switzerland,20,0
Hoffmann La Roche,NA,104,,,,,,,,NA,Switzerland,20,0
SBB Pensionskasse,SBB-Pensionskasse-Annual-Report-2023,105,FALSE,TRUE,FALSE,FALSE,FALSE,FALSE,FALSE,English,Switzerland,20,0
PK Post,PK-Post-Annual-Report-2023,106,FALSE,TRUE,FALSE,FALSE,FALSE,FALSE,FALSE,German,Switzerland,19,0
National Treasury Management Agency,NTMA-Annual-Report-2023,107,TRUE,TRUE,FALSE,FALSE,TRUE,FALSE,FALSE,English,Ireland,19,0
Pensioenfonds Metaal OFP,Pensioenfonds-Metaal-OFP-2023,108,FALSE,TRUE,FALSE,FALSE,FALSE,FALSE,FALSE,Dutch,Belgium,19,0
TfL Pension,TfL-Annual-Report-2023,109,FALSE,TRUE,FALSE,FALSE,TRUE,FALSE,FALSE,English,UK,18,0
BBC Pension Scheme,BBC-Pension-Scheme-Annual-Report-2023,110,TRUE,TRUE,FALSE,TRUE,TRUE,TRUE,FALSE,English,UK,18,0
National Grid,Annual_Report_and_Accounts_2023_24_0,111,FALSE,TRUE,TRUE,TRUE,TRUE,TRUE,FALSE,English,UK,18,0
Bernische Pensionskasse (Kanton Bern),BPK-Annual-Report-2023,112,FALSE,TRUE,FALSE,FALSE,TRUE,FALSE,FALSE,German,Switzerland,17,0
CPEV - Caisse de Pension l'Etat de Vaud,CPEV-Annual-Report-2023,113,TRUE,TRUE,FALSE,FALSE,FALSE,FALSE,FALSE,French,Switzerland,17,0
Laegernes Pensionskasse,LPB-Annual-Report-2023,114,FALSE,TRUE,FALSE,FALSE,TRUE,TRUE,FALSE,Danish,Denmark,17,0
Pensionskasse Basel-Stadt,PKBS-Annual-Report-2023,115,TRUE,TRUE,FALSE,FALSE,TRUE,FALSE,FALSE,German,Switzerland,17,0
Tesco Pensions Investment,Tesco-Annual-Report-2023,116,FALSE,TRUE,FALSE,TRUE,TRUE,FALSE,FALSE,English,UK,16,0
Vasakronan,Vasakronan-Annual-Report-2023,117,FALSE,FALSE,FALSE,TRUE,TRUE,FALSE,FALSE,English,Sweden,16,0
Pension Fund for Early Childhood and Youth Educators (Paedagogernes Pension),PBU-Annual-Report-2023,118,FALSE,TRUE,FALSE,FALSE,TRUE,FALSE,FALSE,Danish,Denmark,15,0
Univest Company (Unilever),Univest-Annual-Report-2023,119,FALSE,FALSE,FALSE,TRUE,FALSE,FALSE,FALSE,English,UK,14,0
Monetary Authority of Singapore,MAS_Sustainability_Report_2023_2024,120,FALSE,TRUE,FALSE,FALSE,TRUE,TRUE,FALSE,English,Singapore,5410,0
Government Pension Investment Fund,GPIF-Annual-Report-2023,121,TRUE,TRUE,FALSE,FALSE,TRUE,FALSE,FALSE,English,Japan,1645,0
China Investment Corporation,CIC-Annual-Report-2023,122,TRUE,TRUE,TRUE,FALSE,TRUE,FALSE,TRUE,English,China,1333,0
State Administration of Foreign Exchange,SAFE-Annual-report-2023,123,FALSE,FALSE,FALSE,FALSE,FALSE,FALSE,FALSE,English,China,1098,1
TIAA,TIAA-Annual-Report-2023,124,FALSE,FALSE,FALSE,TRUE,FALSE,FALSE,FALSE,English,USA,1061,0
Abu Dhabi Investment Authority ,ADIA-Annual-Review-2023,125,TRUE,TRUE,TRUE,FALSE,TRUE,FALSE,FALSE,English,UAE,968,0
Public Investment Fund/Sanabil Investments (PIF),NA,126,,,,,,,,NA,Saudi Arabia,925,0
Kuwait Investment Authority,NA,127,,,,,,,,NA,Kuwait,923,0
Pension Fund Association for Local Government Officials (Chikyoren),NA,128,,,,,,,,NA,Japan,922,0
Government of Singapore Investment Corporation,GIC-Annual-Report-2023,129,TRUE,TRUE,TRUE,TRUE,TRUE,TRUE,FALSE,English,Singapore,880,0
National Council for Society Security Fund,NA,130,,,,,,,,NA,China,846,0
Federal Retirement Thrift Investment Board,NA,131,,,,,,,,NA,USA,845,0
Korea National Pension Service,NPS-Report-2023,132,TRUE,TRUE,FALSE,FALSE,FALSE,FALSE,FALSE,English,South Korea,756,0
Hong Kong Monetary Authority,HKMA-Annual-Report-2023,133,TRUE,TRUE,TRUE,TRUE,FALSE,FALSE,FALSE,English,Hong Kong,538,0
Qatar Investment Authority,NA,134,,,,,,,,NA,Qatar,526,0
International Monetary Fund,IMF-Annual-Report-2023,135,TRUE,TRUE,FALSE,TRUE,TRUE,FALSE,FALSE,English,USA,514,0
California Public Employees Retirement System,NA,136,,,,,,,,NA,USA,503,0
Saudia Arabian Monetary Authority ,SAMA-Annual-Report-2023,137,TRUE,FALSE,FALSE,TRUE,TRUE,FALSE,TRUE,English,Saudi Arabia,486,0
Canada Pension Plan Investment Board,CPP-Annual-Report-2023,138,TRUE,TRUE,FALSE,TRUE,TRUE,TRUE,FALSE,English,Canada,470,0
Central Provident Fund ,CPFB-Annual-Report-2023,139,TRUE,TRUE,TRUE,TRUE,TRUE,FALSE,FALSE,English,Singapore,437,0
Investment Corporation of Dubai,ICD-Annual-Report-2023,140,TRUE,TRUE,FALSE,TRUE,TRUE,TRUE,FALSE,English,UAE,360,0
California State Teachers Retirement System,NA,141,,,,,,,,NA,USA,347,0
First Abu Dhabi Bank,FAB-Annual-Report-2023,142,TRUE,TRUE,TRUE,TRUE,TRUE,TRUE,FALSE,English,UAE,318,0
Caisse de Depot et Placement du Quebec,CDPQ-Annual-Report-2023,143,TRUE,TRUE,TRUE,FALSE,TRUE,FALSE,TRUE,English,Canada,316,0
Mubadala,mubadala-annual-report-2023,144,TRUE,TRUE,FALSE,TRUE,TRUE,TRUE,FALSE,English,UAE,309,0
Temasek holdings,Temasek-Review-2023-Highlights,145,TRUE,TRUE,TRUE,TRUE,TRUE,TRUE,FALSE,English,Singapore,295,0
NYC Office of the Comptroller,NA,146,,,,,,,,NA,USA,282,0
New York State Common Retirement Fund,NA,147,,,,,,,,NA,USA,268,0
Florida State Board of Administration,FSBA-Annual-Report-2023,148,FALSE,FALSE,FALSE,FALSE,FALSE,FALSE,FALSE,English,USA,260,1
Employees Provident Fund,EPFM-Annual-Report-2023,149,TRUE,TRUE,FALSE,FALSE,TRUE,TRUE,FALSE,English,Malaysia,235,0
AustralianSuper,Australian-Super-Annual-Report-2023,150,TRUE,TRUE,FALSE,FALSE,FALSE,FALSE,FALSE,English,Australia,230,0
Teacher Retirement System of Texas,NA,151,,,,,,,,NA,USA,211,0
Washington State Investment Board,WSIB-Annual-Report-2023,152,TRUE,TRUE,FALSE,FALSE,FALSE,FALSE,FALSE,English,USA,205,0
Australian Retirement Trust,ART-Annual-Report-2023,153,TRUE,TRUE,FALSE,TRUE,TRUE,TRUE,FALSE,English,Australia,203,0
Labor Pension Fund Taiwan,NA,154,,,,,,,,NA,Taiwan,202,0
Abu Dhabi Developmental Holding,ADQ-5-Year-Report-2023,155,TRUE,TRUE,TRUE,TRUE,TRUE,FALSE,FALSE,English,UAE,196,0
Future Fund,Future-Fund-Year-In-Review-2023,156,TRUE,FALSE,TRUE,TRUE,TRUE,TRUE,FALSE,English,Australia,194,0
Public Sector Pension Investment Board,PSPIB-Annual-Report-2023,157,TRUE,TRUE,FALSE,TRUE,TRUE,FALSE,FALSE,English,Canada,191,1
Korea Investment Corporation,KIC-Annual-Report-2023-organised,158,,,,,,,,South-Korean,South Korea,189,0
Ontario Teachers' Pension Plan,OTPP-Annual-Report-2023,159,TRUE,TRUE,TRUE,FALSE,TRUE,FALSE,TRUE,English,Canada,184,0
British Columbia Investment Management Corporation,BCI-Annual-Report-2023,160,TRUE,TRUE,FALSE,FALSE,FALSE,FALSE,FALSE,English,Canada,182,0
University of California Office of the Regents,UC-Annual-Report-2023,161,FALSE,TRUE,FALSE,FALSE,FALSE,FALSE,FALSE,English,USA,180,0
Employee's Provident Fund Organisation India,EPFI-Annual-Report-2023,162,FALSE,FALSE,FALSE,FALSE,FALSE,FALSE,FALSE,English,India,176,1
North Carolina Retirement Systems,NA,163,,,,,,,,NA,USA,171,0
Texas Treasury Safekeeping Trust,NA,164,,,,,,,,NA,USA,165,0
Public Investment Corporation,PIC-Annual-Integrated-Report-2023,165,TRUE,TRUE,FALSE,FALSE,FALSE,FALSE,FALSE,English,South Africa,152,0
National Wealth Fund,NA,166,,,,,,,,NA,Russia,148,0
Minnesota State Board of Investment,MSBI-Annual-Report-2023,167,FALSE,FALSE,FALSE,FALSE,FALSE,FALSE,TRUE,English,USA,146,0
New York State Teachers' Retirement Fund,NYSTRF-Annual-Report-2023,168,FALSE,FALSE,FALSE,FALSE,FALSE,FALSE,FALSE,English,USA,146,1
State of Wisconsin Investment Board,SWIB-Annual-Report-2023,169,FALSE,FALSE,FALSE,FALSE,FALSE,FALSE,FALSE,English,USA,132,1
National Development Fund (IRN),NA,170,,,,,,,,NA,Iran,132,0
National Development Fund (SAU),NA,171,,,,,,,,NA,Saudi Arabia,132,0
Public Institute for Social Security,NA,172,,,,,,,,NA,Kuwait,132,0
Pension Benefit Guaranty Corporation,pbgc-annual-report-2023,173,FALSE,FALSE,FALSE,FALSE,FALSE,FALSE,FALSE,English,USA,128,1
Government Employees Pension Fund,GEPF-Annual-Report-2023,174,TRUE,TRUE,FALSE,FALSE,FALSE,FALSE,FALSE,English,South Africa,122,0
Aware Super,Aware-Super-Annual-Report-2023,175,TRUE,TRUE,TRUE,FALSE,TRUE,TRUE,FALSE,English,Australia,120,0
AIMco,AIMco-Annual-Report-2023,176,TRUE,TRUE,TRUE,TRUE,TRUE,FALSE,TRUE,English,Canada,118,0
Ohio Public Employees Retirement System,OPERSO-Annual-Comprehensive-Report-2023,177,FALSE,FALSE,FALSE,FALSE,FALSE,FALSE,FALSE,English,USA,115,1
New York City Teachers' Retirement System,TRSNYC-Annual-Comprehensive-Report-2023,178,FALSE,FALSE,FALSE,FALSE,FALSE,FALSE,FALSE,English,USA,113,1
Michigan State Retirement System,MSRS-Annual-Report-2023,179,FALSE,FALSE,FALSE,FALSE,FALSE,FALSE,FALSE,English,USA,108,1
Teachers Retirement System of Georgia,TRSG-Annual-Comprehensive-Report-2023,180,FALSE,FALSE,FALSE,FALSE,FALSE,FALSE,FALSE,English,USA,106,1
Virgina Retirement System,NA,181,,,,,,,,NA,USA,106,0
Massachusetts PRIM,Mass-PRIM-Annual-Comprehensive-Report-2023,182,FALSE,TRUE,FALSE,FALSE,FALSE,FALSE,FALSE,English,USA,104,0
Tennessee Department of Treasury,TDT-Annual-Report-2023,183,FALSE,FALSE,FALSE,FALSE,FALSE,FALSE,FALSE,English,USA,99,1
Amitim,Mivtachim-Annual-actuarial-reports-2023,184,FALSE,FALSE,FALSE,FALSE,FALSE,FALSE,FALSE,Hebrew,Israel,98,1
United Nations Joint Staff Pension Fund,UNJSPF-Annual-Report-2023,185,TRUE,TRUE,TRUE,TRUE,TRUE,TRUE,TRUE,English,USA,97,0
Ontario Municipal Employees' Retirement System,OMERS-Annual-Report-2023,186,TRUE,TRUE,TRUE,FALSE,TRUE,FALSE,FALSE,English,Canada,96,0
State Teachers Retirement System of Ohio,STRSOH-Annual-Comprehensive-Report-2023,187,FALSE,FALSE,FALSE,FALSE,FALSE,FALSE,FALSE,English,USA,95,1
Oregon Public Employees Retirement System,OPERS-Annual-Comprehensive-Report-2023,188,FALSE,FALSE,FALSE,FALSE,FALSE,FALSE,FALSE,English,USA,94,1
UniSuper,Uni-Super-Fund-Annual-Report-2023,189,FALSE,TRUE,FALSE,FALSE,FALSE,FALSE,FALSE,English,Australia,92,1
Kaiser Permanente,Kaiser-Permanente-Annual-Report-2023,190,TRUE,FALSE,TRUE,FALSE,TRUE,FALSE,TRUE,English,USA,92,0
RTX,RTX-Annual-Report-2023,191,TRUE,FALSE,FALSE,TRUE,TRUE,FALSE,FALSE,English,USA,89,0
Raytheon Technologies Pension,NA,192,,,,,,,,NA,USA,89,0
Pension Fund Association,PFA-Annual-Report-2023,193,FALSE,FALSE,FALSE,FALSE,FALSE,FALSE,FALSE,English,Japan,89,1
Retraite Quebec,Retraite-Quebec-Annual-Report-2023,194,TRUE,FALSE,FALSE,FALSE,FALSE,FALSE,FALSE,French,Canada,87,0
Emirates Investment Authority ,EIA-Inaugural-Report,195,FALSE,FALSE,FALSE,FALSE,FALSE,FALSE,FALSE,English,UAE,86,1
RGA Reinsurance Company,RGA-Annual-Report-2023,196,FALSE,FALSE,FALSE,FALSE,FALSE,FALSE,FALSE,English,USA,85,1
World Bank,World-Bank-Annual-Report-2023,197,TRUE,FALSE,FALSE,TRUE,TRUE,FALSE,TRUE,English,USA,82,0
Healthcare of Ontario Pension Plan,HOOP-Annual-Report-2023,198,TRUE,TRUE,FALSE,TRUE,TRUE,FALSE,FALSE,English,Canada,82,0
Alaska Permanent Fund Corporation,APFC-Annual-Report-2023,199,FALSE,FALSE,FALSE,FALSE,FALSE,FALSE,FALSE,English,USA,81,1
New York City Employees Retirement System,NYCERS-Annual-Comprehensive-Report-2023,200,FALSE,FALSE,FALSE,FALSE,FALSE,FALSE,FALSE,English,USA,81,1
Hostplus,Hostplus-Annual-Report-2023,201,TRUE,TRUE,FALSE,TRUE,FALSE,FALSE,FALSE,English,Australia,78,0
Lockheed Martin Investment Company,NA,202,,,,,,,,NA,USA,78,0
Permodalan Nasional Berhad,PNB-Integrated-Annual-Report-2023,203,FALSE,FALSE,FALSE,FALSE,FALSE,FALSE,FALSE,English,Malaysia,77,1
New Jersey Investment Division,NJID-Annual-Report-2023,204,TRUE,TRUE,TRUE,TRUE,TRUE,TRUE,FALSE,English,USA,76,0
IBM (US) Retirement Fund,NA,205,,,,,,,,NA,USA,76,0
General Electric Pension,NA,206,,,,,,,,NA,USA,74,0
New South Wales Treasury Corporation,NSWTC-Annual-Report-2023,207,TRUE,TRUE,TRUE,FALSE,FALSE,TRUE,FALSE,English,Australia,74,0
Los Angeles County Employees Retirement Assocation,LACERA-Annual-Comprehensive-Report-2023,208,FALSE,FALSE,FALSE,FALSE,FALSE,FALSE,FALSE,English,USA,74,1
QIC,QIC-Annual-Report-2023,209,TRUE,TRUE,FALSE,TRUE,TRUE,FALSE,FALSE,English,Australia,73,0
GM pension,NA,210,,,,,,,,NA,USA,73,0
Pennsylvania Public School Employees' Retirement System,PPSERS-Annual-Comprehensive-Report-2023,211,FALSE,TRUE,FALSE,FALSE,FALSE,FALSE,FALSE,English,USA,73,0
United Parcel Service Pension,NA,212,,,,,,,,NA,USA,72,0
Teachers' Retirement System of the State of Illinois,TRSSI-Annual-Comprehensive-Report-2023,213,FALSE,FALSE,FALSE,FALSE,FALSE,FALSE,FALSE,English,USA,71,1
University Texas/Texas A&M Investment Company,UTIMCO-Annual-Report-2023,214,FALSE,FALSE,FALSE,FALSE,FALSE,FALSE,FALSE,English,USA,70,1
Samruk-Kazyna,Samruk-Kazyna-Annual-Report-2023,215,FALSE,FALSE,FALSE,FALSE,FALSE,FALSE,FALSE,English,Kazakhstan,70,1
Maryland State Retirement,MSR-Annual-Comprehensive-Report-2023,216,FALSE,TRUE,FALSE,FALSE,FALSE,FALSE,FALSE,English,USA,68,0
Afore XXI Banorte,NA,217,,,,,,,,NA,Mexico,68,0
Libyan Investment Authority,LIA-Overview-Valuation-2019,218,FALSE,FALSE,FALSE,FALSE,FALSE,FALSE,FALSE,English,Libya,67,1
Tennessee Consolidated Retirement System,TCRS-Annual-Comprehensive-Report-2023,219,FALSE,FALSE,FALSE,FALSE,FALSE,FALSE,FALSE,English,USA,65,1
Nevada Public Employees' Retirement,NA,220,,,,,,,,NA,USA,64,0
Cbus Super,Cbus-Super-Annual-Integrated-Report-2023,221,TRUE,TRUE,FALSE,TRUE,TRUE,FALSE,FALSE,English,Australia,63,0
Afore Profuturo GNP,GNP-Annual-Report-2023,222,TRUE,TRUE,FALSE,FALSE,FALSE,FALSE,FALSE,Spanish,Mexico,62,0
Lilly Endowment,LE-Annual-Report-2023,223,FALSE,TRUE,FALSE,FALSE,FALSE,FALSE,FALSE,English,USA,62,0
Northrop Grumman,NG-Annual-Report-2023,224,TRUE,TRUE,FALSE,TRUE,TRUE,FALSE,TRUE,English,USA,62,0
Coloroda Public Employees Retirement,CPER-Annual-Comprehensive-Report-2023,225,FALSE,TRUE,FALSE,FALSE,FALSE,FALSE,FALSE,English,USA,61,0
AMP,AMP-Annual-Report-2023,226,FALSE,TRUE,FALSE,TRUE,TRUE,FALSE,FALSE,English,Australia,61,0
Brunei Investment Agency,NA,227,,,,,,,,NA,Brunei,60,0
HESTA Super Fund,HESTA-Annual-Report-2023,228,TRUE,TRUE,TRUE,FALSE,FALSE,FALSE,FALSE,English,Australia,59,0
UAW Retiree Medical Benefits Trust,UAW-All-Members-Benefits-Highlights-2023,229,FALSE,FALSE,FALSE,FALSE,FALSE,FALSE,FALSE,English,USA,59,1
Insignia Financial,Insignia-Financial-Annual-Report-2023,230,TRUE,TRUE,FALSE,FALSE,FALSE,FALSE,TRUE,English,Australia,58,0
REST Super,REST-super-Annual-Report-2023,231,TRUE,TRUE,TRUE,TRUE,FALSE,FALSE,FALSE,English,Australia,57,0
Cascade Investments,NA,232,,,,,,,,NA,USA,57,0
Texas Permanent School Fund,TPSF-Annual-Comprehensive-Report-2023,233,FALSE,FALSE,TRUE,FALSE,FALSE,FALSE,FALSE,English,USA,57,0
Victorian Funds Management Corporation,VFMC-Annual-Report-2023,234,TRUE,TRUE,TRUE,TRUE,TRUE,TRUE,TRUE,English,Australia,57,0
State Oil Fund of Azerbaijan,Oil-Fund-Azerbaijan-Annual-Report-2023,235,TRUE,TRUE,FALSE,FALSE,FALSE,FALSE,FALSE,English,Azerbaijan,56,0
Investment Management Corporation of Ontario,IMCO-Annual-Report-2023,236,TRUE,TRUE,TRUE,TRUE,TRUE,TRUE,FALSE,English,Canada,56,0
Western Conference of Teamsters Pension Trust,NA,237,,,,,,,,NA,USA,55,0
Afore Citibanamex,Afore-Citibanamex-Raporte-de-la-Administracion-2023,238,FALSE,FALSE,FALSE,FALSE,FALSE,FALSE,FALSE,Spanish ,Mexico,55,1
Ford Motor Company Pension Fund,NA,239,,,,,,,,NA,USA,55,0
Sura Afore,Sura-Afore-Informe-Anual-2023,240,TRUE,TRUE,FALSE,FALSE,TRUE,FALSE,FALSE,Spanish ,Mexico,55,0
Wells Fargo Retirement Plan,WFRP-Annual-Report-2023,241,FALSE,TRUE,FALSE,FALSE,FALSE,FALSE,FALSE,English,USA,55,0
NYC Police Pension Fund,NYCPPF-Annual-Comprehensive-Report-2023,242,FALSE,FALSE,FALSE,FALSE,FALSE,FALSE,FALSE,English,USA,54,1
Illinois Municipal Retirement Fund,IMRF-Annual-Comprehensive-Report-2023,243,FALSE,TRUE,FALSE,TRUE,FALSE,FALSE,FALSE,English,USA,54,0
JP Morgan Chase,JP-Morgan-Chase-Annual-Report-2023,244,TRUE,TRUE,FALSE,TRUE,TRUE,TRUE,FALSE,English,USA,54,0
Arizona State Retirement System,ASRS-Annual-Comprehensive-Report-2023,245,FALSE,FALSE,FALSE,FALSE,FALSE,FALSE,FALSE,English,USA,52,1
AFP Habitat SA,AFP-Habitat-Cuenta-Pública-2023,246,TRUE,TRUE,FALSE,FALSE,FALSE,FALSE,FALSE,Spanish,Chile,52,0
Harvard Management Company (Harvard University Investment),HMC-Annual-Report-2023,247,TRUE,TRUE,TRUE,TRUE,TRUE,FALSE,FALSE,English,USA,51,0
Public School and Education Employee Retirement Systems of Missouri,PSEERSM-Annual-Comprehensive-Report-2023,248,FALSE,FALSE,FALSE,FALSE,FALSE,FALSE,FALSE,English,USA,50,1
Exelon Corporation Pension Plan,NA,249,,,,,,,,NA,USA,50,0
National Federation of Mutual Aid Associations for Municipal Personnel (Shichousonren),NFMAAMP-Annual-Report-2022,250,FALSE,TRUE,FALSE,FALSE,FALSE,FALSE,FALSE,English,Japan,50,0
New Mexico State Investment Council,NA,251,,,,,,,,NA,USA,50,0
Office of the Treasurer of the State of Connecticut,Treasurer-Connecticut-Annual-Report-2023,252,FALSE,FALSE,FALSE,FALSE,FALSE,FALSE,FALSE,English,USA,50,1
Connecticut Retirement Plans and Trust Funds,NA,253,,,,,,,,NA,USA,50,0
FedEx Pension,NA,254,,,,,,,,NA,USA,49,0
Boeing Employee Retirement Plan,NA,255,,,,,,,,NA,USA,49,0
State Farm Pension,NA,256,,,,,,,,NA,USA,48,0
Retirement Systems of Alabama,RSA-Annual-Report-2023,257,FALSE,TRUE,FALSE,FALSE,FALSE,FALSE,FALSE,English,USA,48,0
Mastercard Foundation Asset Management,NA,258,,,,,,,,NA,Canada,47,0
Indiana Public Employees Retirement,INPRS-Annual-Comprehensive-Report-2023,259,FALSE,FALSE,FALSE,FALSE,FALSE,FALSE,FALSE,English,USA,47,1
Texas County and District Retirement System,TCDRS-Annual-Comprehensive-Report-2023,260,FALSE,FALSE,FALSE,FALSE,FALSE,FALSE,FALSE,English,USA,46,1
New Zealand Superannuation,New-Zealand-Superannuation-Annual-Report-2023,261,TRUE,TRUE,FALSE,TRUE,TRUE,TRUE,FALSE,English,New Zealand,46,1
Local Authorities Pension Plan Alberta,LAPP-Annual-Report-2023,262,TRUE,TRUE,FALSE,FALSE,FALSE,FALSE,FALSE,English,Canada,46,0
Verizon Investment Management,NA,263,,,,,,,,NA,USA,46,0
Public School Employees,NA,264,,,,,,,,NA,Japan,45,0
Iowa Public Employees Retirement System,IPERS-Annual-Comprehensive-Report-2023,265,FALSE,FALSE,TRUE,FALSE,FALSE,FALSE,FALSE,English,USA,44,0
Stanford Management Company,NA,266,,,,,,,,NA,USA,42,0
Microsoft,Microsoft-Annual-Report-2023,267,FALSE,TRUE,FALSE,FALSE,TRUE,FALSE,TRUE,English,USA,42,0
Texas Municipal Retirement System,TMRS-Annual-Comprehensive-Report-2022,268,FALSE,FALSE,FALSE,FALSE,FALSE,FALSE,FALSE,English,USA,41,1
Minnesota Public Employees Retirement Association,MNPERA-Annual-Comprehensive-Report-2023,269,FALSE,FALSE,FALSE,TRUE,FALSE,FALSE,FALSE,English,USA,41,0
AFP Provida,Pro-Vida-Reporte-Integrado-2023,270,TRUE,TRUE,FALSE,FALSE,FALSE,FALSE,FALSE,Spanish ,Chile,41,0
Nebraska Investment Council,NIC-Annual-Report-2023,271,FALSE,TRUE,FALSE,FALSE,FALSE,FALSE,FALSE,English,USA,41,0
Yale University Investment Office ,Yale-Investment-Report-2023,272,FALSE,TRUE,FALSE,FALSE,FALSE,FALSE,FALSE,English,USA,41,0
South Carolina Retirement System Investment Commission,SCRSIC-Annual-Investment-Report-2023,273,FALSE,FALSE,FALSE,FALSE,FALSE,FALSE,FALSE,English,USA,41,1
CommonSpirit Health,Common-Spirit-Health-Financial-Statements-2024,274,FALSE,TRUE,FALSE,FALSE,FALSE,FALSE,FALSE,English,USA,40,0
Employees Retirement System of Texas,ERST-Annual-Comprehensive-Report-2023,275,FALSE,FALSE,FALSE,FALSE,FALSE,FALSE,FALSE,English,USA,40,1
Retirement Fund KWAP,KWAP-Annual-Report-2022,276,TRUE,TRUE,FALSE,TRUE,FALSE,FALSE,FALSE,English,Malaysia,38,0
AFP Proteccion,AFP-Proteccion-Informe-Annual-2023,277,TRUE,TRUE,FALSE,FALSE,FALSE,FALSE,FALSE,Spanish ,Colombia,38,0
Nokia USA,Nokia-USA-Annual-Report-2023,278,FALSE,TRUE,FALSE,FALSE,FALSE,FALSE,FALSE,English,USA,38,0
Commonwealth Superannuation Corporation,Commonwealth-Superannuation-Corporation-Annual-Report-2023,279,TRUE,TRUE,TRUE,FALSE,TRUE,TRUE,FALSE,English,Australia,38,0
AFP Capital,NA,280,,,,,,,,NA,Chile,37,0
Pennsylvania State Employees' Retirement System,PSERS-Annual-Comprehensive-Report-2023,281,FALSE,FALSE,FALSE,FALSE,FALSE,FALSE,FALSE,English,USA,36,1
Utah Retirement Systems,URS-Annual-Comprehensive-Report-2023,282,FALSE,FALSE,FALSE,FALSE,FALSE,FALSE,FALSE,English,USA,36,1
Social Insurance Funds,NA,283,,,,,,,,NA,Vietnam,36,0
Public Employees' Retirement System of Mississippi,PERSM-Annual-Comprehensive-Report-2023,284,FALSE,FALSE,FALSE,FALSE,FALSE,FALSE,FALSE,English,USA,36,1
Massachusetts Teachers' Retirement System,MTRS-Annual-Statement-2023,285,FALSE,TRUE,FALSE,FALSE,FALSE,FALSE,FALSE,English,USA,35,0
Japan Post Bank,JPB-Annual-Report-2023,286,TRUE,FALSE,FALSE,TRUE,TRUE,FALSE,FALSE,English,Japan,35,0
Exxon Mobil Pension Fund,NA,287,,,,,,,,NA,USA,35,0
AFP Cuprum,AFP-Cuprum-Memoria-Anual-2023,288,TRUE,TRUE,TRUE,FALSE,FALSE,FALSE,FALSE,Spanish,Chile,35,0
New York State Deferred Compensation Plan,NA,289,,,,,,,,NA,USA,34,0
Princeton University Investment Company,Princeton-Treasurer-2023,290,FALSE,FALSE,FALSE,FALSE,FALSE,FALSE,FALSE,English,USA,34,1
Korea Investment Management,NA,291,,,,,,,,NA,South Korea,34,0
Alaska Retirement Management Board,NA,292,,,,,,,,NA,USA,34,0
San Francisco City & County,SFCC-Annual-Comprehensive-Report-2023,293,FALSE,TRUE,FALSE,FALSE,FALSE,FALSE,FALSE,English,USA,34,0
San Francisco Employees' Retirement System,SFERS-Annual-Report-2023,294,FALSE,TRUE,FALSE,FALSE,FALSE,FALSE,FALSE,English,USA,34,0
Ontario Power Generation,OPG-Integrated-ESG-Annual-Report-2023,295,TRUE,FALSE,FALSE,FALSE,FALSE,FALSE,FALSE,English,Canada,33,0
Illinois State Board of Investment,ISBI-Annual-Report-2023,296,FALSE,FALSE,FALSE,FALSE,FALSE,FALSE,FALSE,English,USA,32,1
Los Angeles Fire and Police Pension Fund,LAFPPF-Annual-Report-2023,297,FALSE,FALSE,FALSE,FALSE,FALSE,FALSE,FALSE,English,USA,31,1
Chevron Corporation Pension Fund,Chevron-Annual-Funding-Notice-2023,298,FALSE,TRUE,FALSE,FALSE,FALSE,FALSE,FALSE,English,USA,31,0
Wyoming State Treasurer's Office,WSTO-Annual-Report-2023,299,FALSE,TRUE,FALSE,FALSE,FALSE,FALSE,FALSE,English,USA,31,0
Honeywell Pension,NA,300,,,,,,,,NA,USA,31,0
CVS Health,CVS-Health-Annual-Report-2023,301,TRUE,TRUE,FALSE,TRUE,TRUE,FALSE,FALSE,English,USA,31,0
BC Public Sector Pension Plans,BCPSPP-Annual-Report-2023,302,TRUE,TRUE,TRUE,TRUE,FALSE,FALSE,FALSE,English,Canada,31,0
Commonfund,NA,303,,,,,,,,NA,USA,30,0
Funds SA,Funds-SA-Annual-Review-2023,304,FALSE,FALSE,FALSE,FALSE,FALSE,FALSE,FALSE,English,Australia,30,1
Pfizer Pension Fund,NA,305,,,,,,,,NA,USA,30,0
QBE Insurance Group,QBE-Annual-Report-2023,306,FALSE,TRUE,FALSE,TRUE,TRUE,TRUE,FALSE,English,Australia,30,0
Procter & Gamble Pension Fund,NA,307,,,,,,,,NA,USA,30,0
Togethr Super (Equip & Catholic Super),Togethr-Super-Annual-Report-2023,308,TRUE,TRUE,FALSE,FALSE,TRUE,FALSE,FALSE,English,Australia,30,0
AT&T Retirement Fund,NA,309,,,,,,,,NA,USA,30,0
Government Service Insurance System,GSIS-Annual-Report-2023,310,TRUE,FALSE,TRUE,FALSE,TRUE,FALSE,TRUE,English,Philippines,29,0
State Universities Retirement System of Illinois,SURSI-Annual-Comprehensive-Report-2023,311,FALSE,FALSE,FALSE,FALSE,FALSE,FALSE,FALSE,English,USA,29,1
Montana Board of Investment,MBI-Annual-Report-2023,312,FALSE,FALSE,FALSE,FALSE,FALSE,FALSE,TRUE,English,USA,29,0
Accident Compensation Corporation,ACC-Annual-Report-2023,313,FALSE,TRUE,FALSE,TRUE,TRUE,TRUE,FALSE,English,New Zealand,29,0
Malaysia Khazanah Nasional,Khazana-Annual-Review-2023,314,TRUE,TRUE,TRUE,FALSE,TRUE,TRUE,TRUE,English,Malaysia,29,0
DUMAC (Duke University Investment),Duke-Endowment-2023,315,FALSE,FALSE,FALSE,FALSE,FALSE,FALSE,FALSE,English,USA,28,1
United Airlines Holdings,UAH-Annual-Report-2023,316,TRUE,FALSE,TRUE,TRUE,TRUE,FALSE,FALSE,English,USA,28,0
B.C. Teachers Pension Plan,BCTPP-Annual-Report-2023,317,FALSE,TRUE,FALSE,TRUE,TRUE,FALSE,FALSE,English,Canada,28,0
Walt Disney Pension,NA,318,,,,,,,,NA,USA,28,0
Kentycky Teachers' Retirement System,TRSSK-Annual-Comprehensive-Report-2023,319,FALSE,TRUE,FALSE,FALSE,FALSE,FALSE,FALSE,English,USA,27,0
Super SA,Super-SA-Annual-Report-2023,320,FALSE,TRUE,FALSE,FALSE,FALSE,FALSE,FALSE,English,Australia,27,0
Government Employees Super Board,GESB-Annual-Report-2023,321,TRUE,TRUE,FALSE,FALSE,FALSE,FALSE,FALSE,English,Australia,27,0
Teachers' Retirement System of Louisiana,TRSL-Annual-Comprehensive-Report-2023,322,TRUE,FALSE,FALSE,FALSE,FALSE,FALSE,FALSE,English,USA,27,0
West Virginia Public Employees' Retirement System,WVPERS-Annual-Comprehensive-Report-2023,323,FALSE,FALSE,FALSE,FALSE,FALSE,FALSE,FALSE,English,USA,26,1
SUNY,NA,324,,,,,,,,NA,USA,26,0
Wespath Benefits,Wespath-Benefits-Annual-Report-2023,325,TRUE,TRUE,TRUE,FALSE,TRUE,FALSE,FALSE,English,USA,26,0
Kansas Public Employees Retirement System,KPERS-Annual-Comprehensive-Report-2023,326,FALSE,FALSE,FALSE,FALSE,FALSE,FALSE,FALSE,English,USA,26,1
Public Service Pension Fund of Taiwan,PSPFT-Annual-Report-2023,327,TRUE,TRUE,FALSE,FALSE,FALSE,FALSE,FALSE,English,Taiwan,25,0
State Super (SAS Trustee),State-Super-Annual-Report-2023,328,FALSE,TRUE,FALSE,TRUE,TRUE,FALSE,FALSE,English,Australia,25,0
Porvenir,NA,329,,,,,,,,NA,Colombia,25,0
PepsiCo Pension,NA,330,,,,,,,,NA,USA,25,0
Massachusetts institute of Technology Investment Management Company (MITIMCo),MITTreasurersReport2023,331,FALSE,FALSE,FALSE,FALSE,FALSE,FALSE,FALSE,English,USA,25,1
National Railroad Retirement NRRIT,NRRIT-Annual-Management-Report-2023,332,FALSE,FALSE,FALSE,FALSE,FALSE,FALSE,FALSE,English,USA,24,1
Emergency Services & State Super (ESSSuper),ESSSuper-Annual-Report-2023,333,TRUE,TRUE,FALSE,TRUE,TRUE,FALSE,FALSE,English,Australia,24,0
PG&E,PGE-Annual-Report-2023,334,TRUE,TRUE,TRUE,FALSE,FALSE,FALSE,FALSE,English,USA,24,0
Public Employee Retirement System of Idaho (PERSI),PERSI-Annual-Report-2023,335,FALSE,TRUE,FALSE,FALSE,FALSE,TRUE,FALSE,English,USA,24,0
Employees' Retirement System of Georgia,ERSG-Annual-Comprehensive-Report-2023,336,FALSE,FALSE,FALSE,FALSE,FALSE,FALSE,FALSE,English,USA,24,1
Los Angeles City Employees Retirement LACERS,LACERS-Annual-Comprehensive-Report-2023,337,FALSE,TRUE,FALSE,FALSE,FALSE,FALSE,FALSE,English,USA,23,0
Petros Pension,Petros-Pension-Annual-Report-2023,338,TRUE,TRUE,FALSE,FALSE,FALSE,FALSE,FALSE,English,Brazil,23,0
Employees' Retirement System of State of Hawaii,ERSH-Annual-Comprehensive-Report-2023,339,FALSE,FALSE,FALSE,FALSE,FALSE,FALSE,FALSE,English,USA,23,1
Oklahoma Teachers Retirement System,OTRS-Annual-Comprehensive-Report-2022,340,FALSE,TRUE,FALSE,FALSE,FALSE,FALSE,FALSE,English,USA,23,0
Ontario Pension Board,OPB-Annual-Report-2023,341,FALSE,TRUE,FALSE,FALSE,FALSE,FALSE,FALSE,English,Canada,23,0
Hydro-Quebec,Hydro-Quebec-Annual-Report-2023,342,TRUE,FALSE,FALSE,FALSE,FALSE,FALSE,FALSE,English,Canada,23,0
Air Canada,Air-Canada-Annual-Report-2023,343,TRUE,TRUE,FALSE,TRUE,TRUE,TRUE,TRUE,English,Canada,23,0
Prudential Financial,Preduntial-Financial-Annual-Report-2023,344,FALSE,FALSE,FALSE,FALSE,FALSE,FALSE,FALSE,English,USA,23,1
Canada Post Pension,Canada-Post-Pension-Annual-Report-2023,345,TRUE,TRUE,TRUE,TRUE,TRUE,FALSE,FALSE,English,Canada,23,0
Arkansas Teacher Retirement System,ATRS-Annual-Comprehensive-Report-2023,346,FALSE,TRUE,FALSE,FALSE,FALSE,FALSE,FALSE,English,USA,22,0
Orange County Employees Retirement System,OCERS-Annual-Comprehensive-Report-2023,347,FALSE,FALSE,FALSE,FALSE,FALSE,FALSE,FALSE,English,USA,22,1
Truist Financial,Truist-Financial-Annual-Report-2023,348,FALSE,TRUE,FALSE,FALSE,FALSE,TRUE,FALSE,English,USA,22,0
Ohio Bureau of Workers Compensation,Ohio-Bureau-Workers-Compensation-Annual-Report-2023,349,FALSE,FALSE,FALSE,FALSE,FALSE,FALSE,FALSE,English,USA,22,1
Johnson & Johnson Pension Plan,NA,350,,,,,,,,NA,USA,22,0
University of Pennsylvania Investment Office,NA,351,,,,,,,,NA,USA,22,0
Quebec Construction Industry,Quebec-Construction-Annual-Report-2023,352,FALSE,TRUE,FALSE,FALSE,FALSE,FALSE,FALSE,French,Canada,22,0
Howard Hughes Medical Institute,NA,353,,,,,,,,NA,USA,21,0
Los Angeles Water and Power Employees Retirement Plan,RPO-Annual-Summary-Report-2023,354,FALSE,TRUE,FALSE,FALSE,FALSE,FALSE,FALSE,English,USA,21,0
Bell Canada,NA,355,,,,,,,,NA,Canada,21,0
South Dokato Investment Council,SDIC-Annual-Report-2023,356,FALSE,FALSE,FALSE,FALSE,FALSE,FALSE,FALSE,English,USA,20,1
Merck & Co Inc Pension Fund,NA,357,,,,,,,,NA,USA,20,0
The Korea Teachers Pension,NA,358,,,,,,,,NA,South Korea,20,0
Brighter Super,Brighter-Super-Annual-Report-2023_24,359,FALSE,TRUE,FALSE,FALSE,FALSE,FALSE,FALSE,English,Australia,20,0
Spirit Super (MTAA & Tasplan),Spirit-Super-Annual-Report-2023,360,TRUE,TRUE,TRUE,FALSE,TRUE,TRUE,FALSE,English,Australia,20,0
North Dakota State Investment Board,NDRIO-Annual-Report-2023,361,FALSE,FALSE,FALSE,FALSE,FALSE,FALSE,FALSE,English,USA,20,1
Maine Public Employees Retirement System,MPERS-Annual-Comprehensive-Report-2023,362,FALSE,FALSE,FALSE,FALSE,FALSE,FALSE,FALSE,English,USA,20,1
Dow Chemical Pension,Dow-Chemical-Annual-Report-2023,363,TRUE,TRUE,FALSE,TRUE,TRUE,FALSE,TRUE,English,USA,20,0
University of Michigan Investment Office,University-Michigan-Endowment-2023,364,TRUE,FALSE,TRUE,TRUE,TRUE,TRUE,FALSE,English,USA,19,0
School Employees Retirement System of Ohio,SERSO-Annual-Comprehensive-Report-2023,365,FALSE,TRUE,FALSE,FALSE,FALSE,FALSE,FALSE,English,USA,19,0
University of Notre Dame Endownment,NA,366,,,,,,,,NA,USA,19,0
Ohio Police and Fire Pension Fund,OPF-Annual-Comprehensive-Report-2023,367,FALSE,TRUE,FALSE,FALSE,FALSE,FALSE,FALSE,English,USA,19,0
FCA US,FCA-US-Annual-Report-2023,368,FALSE,FALSE,FALSE,FALSE,FALSE,FALSE,FALSE,English,USA,18,1
The Federal Economists Foundation,FUNCEF-Annual-Report-2023,369,TRUE,TRUE,FALSE,FALSE,FALSE,FALSE,FALSE,Portuguese,Brazil,18,0
OPSEU pension Trust,OPSEU-Annual-Funded-Status-Report-2023,370,TRUE,TRUE,FALSE,TRUE,TRUE,FALSE,FALSE,English,Canada,18,0
San Diego County Employees Retirement Association,SDCERA-Annual-Comprehensive-Report-2023,371,FALSE,FALSE,FALSE,FALSE,FALSE,FALSE,FALSE,English,USA,18,1
National Electric Benefit Fund,NA,372,,,,,,,,NA,USA,18,0
Bank of America Pension Fund,NA,373,,,,,,,,NA,USA,18,0
Church Pension Fund US,Church-Pension-Fund-Annual-Report-2023,374,TRUE,TRUE,FALSE,FALSE,FALSE,FALSE,FALSE,English,USA,18,0
Public Employees Retirement Association of New Mexico,PERA-Annual-Comprehensive-Report-2023,375,FALSE,FALSE,FALSE,FALSE,FALSE,FALSE,FALSE,English,USA,18,1
New Mexico Educational Retirement Board,NA,376,,,,,,,,NA,USA,18,0
Alberta Teachers' Retirement Fund,ATRF-Annual-Report-2023,377,TRUE,TRUE,FALSE,FALSE,FALSE,FALSE,FALSE,English,Canada,17,0
General Dynamics Pension Fund,NA,378,,,,,,,,NA,USA,16,0
Louisiana State Employees' Retirement System,LASERS-Annual-Comprehensive-Report-2023,379,FALSE,TRUE,FALSE,FALSE,FALSE,FALSE,FALSE,English,USA,16,0
Eli Lilly,NA,380,,,,,,,,NA,USA,16,0
Delta Airlines Pension Fund,Delta-Report-Financial-Statement-2023,381,FALSE,TRUE,FALSE,FALSE,FALSE,TRUE,FALSE,English,USA,16,0
International Paper Pension,NA,382,,,,,,,,NA,USA,16,0
Consolidated Edison,Consolidated-Edison-Annual-Report-2023,383,TRUE,FALSE,TRUE,FALSE,TRUE,FALSE,TRUE,English,USA,15,0
San Bernandino County Employees Retirement Association,SBCERA-Annual-Comprehensive-Report-2023,384,FALSE,FALSE,FALSE,FALSE,FALSE,FALSE,FALSE,English,USA,15,1
Columbia Investment Management Company,NA,385,,,,,,,,NA,USA,15,0
Southern Co,Southern-Co-Annual-Report-2023,386,FALSE,FALSE,TRUE,TRUE,FALSE,FALSE,TRUE,English,USA,15,0
Government Pension Fund Global,GPFT-Annual-Risk-Report-2023,387,FALSE,FALSE,FALSE,FALSE,FALSE,FALSE,FALSE,Thai,Thailand,15,1
University of Virginia Investment Management Company,UVIMCO-Annual-Report-2023,388,FALSE,FALSE,FALSE,FALSE,FALSE,FALSE,FALSE,English,USA,14,1
3M,3M-Annual-Report-2023,389,TRUE,FALSE,FALSE,FALSE,FALSE,FALSE,FALSE,English,USA,14,0
Northwestern University Investment Office,Northwestern-Endowment-2023,390,FALSE,FALSE,FALSE,FALSE,FALSE,FALSE,FALSE,English,USA,14,1
Public Service Pension Plan Canada,PSPPC-Annual-Report-2023,391,FALSE,TRUE,FALSE,FALSE,FALSE,FALSE,FALSE,English,Canada,13,0
Sacramento County Employees Retirement System,SCERS-Annual-Comprehensive-Report-2023,392,FALSE,FALSE,FALSE,FALSE,FALSE,FALSE,FALSE,English,USA,13,1
Oslo Pensjonsforsikring OPF,OPF-Annual-Report-2023,393,FALSE,FALSE,FALSE,FALSE,FALSE,FALSE,FALSE,Norwegian,Norway,13,1
Banco Santander UK,Santander-UK-Annual-Report-2023,394,TRUE,TRUE,FALSE,TRUE,TRUE,FALSE,FALSE,English,UK,14,0
Kapan Tjanstepensionsforening (Government Employees Pension Fund),Kapan-Annual-Report-2023,395,FALSE,TRUE,FALSE,FALSE,TRUE,FALSE,FALSE,English,Sweden,14,0
APK Aargauische Pensionskasse,APK-Annual-Report-2023,396,FALSE,TRUE,FALSE,FALSE,TRUE,FALSE,FALSE,German,Switzerland,14,0
EPPF,EPPF_2024_IAR_-_Finalised_-_Single_page_view,397,TRUE,TRUE,TRUE,TRUE,TRUE,FALSE,FALSE,English,South Africa,,0
Lífeyrissjóður verzlunarmanna,english-arsreikningur_2023_150324_net_intera,398,TRUE,TRUE,FALSE,FALSE,FALSE,FALSE,FALSE,English,Iceland,,0
Washington University Investment Management Company,CRTV-5969-Endowment-Annual-Report-23-24-DIGITAL,399,FALSE,TRUE,FALSE,FALSE,FALSE,FALSE,FALSE,English,USA,,0
Alameda County Employees' Retirement Association,06.26_acfr_2024_05,400,FALSE,TRUE,FALSE,FALSE,FALSE,FALSE,FALSE,English,USA,,0
